"exchange"	"symbol"	"x"
"5"	"D"	"ACWV"	1506
"6"	"P"	"ACWV"	100
"17"	"D"	"AFK"	2186
"18"	"J"	"AFK"	2810
"19"	"P"	"AFK"	815
"20"	"Z"	"AFK"	100
"36"	"B"	"AGG"	1300
"37"	"D"	"AGG"	27384
"38"	"J"	"AGG"	2011
"39"	"K"	"AGG"	6300
"40"	"P"	"AGG"	3829
"41"	"Q"	"AGG"	11197
"42"	"X"	"AGG"	200
"43"	"Y"	"AGG"	2800
"44"	"Z"	"AGG"	14000
"62"	"B"	"AGQ"	2900
"63"	"D"	"AGQ"	31550
"64"	"J"	"AGQ"	1591
"65"	"K"	"AGQ"	1015
"66"	"P"	"AGQ"	7574
"67"	"Q"	"AGQ"	11812
"68"	"Y"	"AGQ"	700
"69"	"Z"	"AGQ"	1400
"80"	"D"	"AGZ"	568
"81"	"P"	"AGZ"	100
"82"	"Q"	"AGZ"	100
"87"	"D"	"AIA"	265
"88"	"P"	"AIA"	300
"97"	"B"	"ALD"	100
"98"	"D"	"ALD"	1254
"99"	"J"	"ALD"	100
"116"	"B"	"AMJ"	1265
"117"	"C"	"AMJ"	100
"118"	"D"	"AMJ"	73356
"119"	"J"	"AMJ"	600
"120"	"K"	"AMJ"	3200
"121"	"P"	"AMJ"	25086
"122"	"Q"	"AMJ"	12863
"123"	"Y"	"AMJ"	1631
"124"	"Z"	"AMJ"	5935
"144"	"B"	"AMLP"	8258
"145"	"D"	"AMLP"	55629
"146"	"J"	"AMLP"	17027
"147"	"K"	"AMLP"	2500
"148"	"P"	"AMLP"	10867
"149"	"Q"	"AMLP"	3800
"150"	"Y"	"AMLP"	5700
"151"	"Z"	"AMLP"	4307
"168"	"D"	"AMU"	5000
"169"	"P"	"AMU"	100
"170"	"Q"	"AMU"	5000
"171"	"Z"	"AMU"	418
"180"	"D"	"AOA"	1000
"189"	"D"	"AOM"	100
"190"	"Z"	"AOM"	616
"196"	"D"	"AOR"	3257
"209"	"D"	"ATMP"	200
"210"	"P"	"ATMP"	200
"215"	"D"	"AUNZ"	1613
"233"	"D"	"BAB"	3165
"234"	"K"	"BAB"	100
"235"	"P"	"BAB"	100
"247"	"B"	"BAL"	500
"248"	"D"	"BAL"	5300
"249"	"P"	"BAL"	100
"250"	"Y"	"BAL"	3300
"265"	"D"	"BBH"	4555
"266"	"K"	"BBH"	100
"267"	"Y"	"BBH"	100
"283"	"D"	"BDCL"	3138
"284"	"P"	"BDCL"	655
"285"	"Q"	"BDCL"	1000
"298"	"D"	"BDD"	720
"312"	"B"	"BIL"	400
"313"	"D"	"BIL"	2100
"314"	"J"	"BIL"	3500
"315"	"P"	"BIL"	200
"316"	"Z"	"BIL"	15192
"326"	"D"	"BIV"	1323
"327"	"J"	"BIV"	203
"328"	"P"	"BIV"	300
"338"	"D"	"BIZD"	200
"339"	"J"	"BIZD"	800
"351"	"D"	"BKF"	466
"352"	"J"	"BKF"	100
"353"	"K"	"BKF"	100
"354"	"P"	"BKF"	1719
"355"	"X"	"BKF"	100
"356"	"Z"	"BKF"	299
"367"	"B"	"BKLN"	64397
"368"	"D"	"BKLN"	26593
"369"	"J"	"BKLN"	56879
"370"	"P"	"BKLN"	1535
"371"	"W"	"BKLN"	1538
"372"	"Y"	"BKLN"	400
"373"	"Z"	"BKLN"	25667
"385"	"P"	"BLV"	100
"386"	"Y"	"BLV"	100
"387"	"Z"	"BLV"	100
"395"	"B"	"BND"	1900
"396"	"D"	"BND"	68304
"397"	"J"	"BND"	1942
"398"	"K"	"BND"	12158
"399"	"P"	"BND"	3327
"400"	"Q"	"BND"	3083
"401"	"X"	"BND"	300
"402"	"Y"	"BND"	2060
"403"	"Z"	"BND"	8300
"422"	"B"	"BOIL"	200
"423"	"D"	"BOIL"	1350
"424"	"J"	"BOIL"	200
"425"	"P"	"BOIL"	1891
"426"	"Q"	"BOIL"	269
"427"	"Z"	"BOIL"	266
"441"	"D"	"BOND"	6527
"442"	"K"	"BOND"	300
"443"	"P"	"BOND"	6452
"444"	"Q"	"BOND"	400
"468"	"K"	"BRF"	200
"469"	"P"	"BRF"	701
"470"	"Q"	"BRF"	300
"479"	"Z"	"BRXX"	1100
"487"	"D"	"BSCE"	632
"488"	"P"	"BSCE"	200
"489"	"Q"	"BSCE"	100
"490"	"Z"	"BSCE"	1054
"498"	"D"	"BSCF"	351
"509"	"D"	"BSCG"	1273
"510"	"J"	"BSCG"	743
"511"	"K"	"BSCG"	1000
"518"	"D"	"BSCH"	120
"519"	"K"	"BSCH"	944
"520"	"Z"	"BSCH"	430
"523"	"J"	"BSCI"	346
"529"	"K"	"BSCJ"	347
"533"	"D"	"BSCK"	150
"534"	"Z"	"BSCK"	339
"537"	"D"	"BSJD"	3200
"538"	"J"	"BSJD"	100
"539"	"K"	"BSJD"	1266
"540"	"P"	"BSJD"	1000
"541"	"Z"	"BSJD"	100
"550"	"D"	"BSJE"	2689
"551"	"J"	"BSJE"	737
"552"	"K"	"BSJE"	300
"553"	"P"	"BSJE"	600
"554"	"Z"	"BSJE"	929
"564"	"D"	"BSJF"	1480
"565"	"P"	"BSJF"	2000
"566"	"Z"	"BSJF"	387
"577"	"K"	"BSJG"	639
"589"	"D"	"BSJH"	794
"590"	"J"	"BSJH"	400
"591"	"K"	"BSJH"	412
"592"	"P"	"BSJH"	985
"596"	"D"	"BSJI"	1076
"597"	"J"	"BSJI"	100
"598"	"K"	"BSJI"	114
"608"	"D"	"BSV"	6189
"609"	"K"	"BSV"	400
"610"	"P"	"BSV"	500
"611"	"Q"	"BSV"	100
"612"	"Y"	"BSV"	1196
"624"	"B"	"BWX"	100
"625"	"D"	"BWX"	1271
"626"	"P"	"BWX"	917
"627"	"Z"	"BWX"	100
"635"	"D"	"BWZ"	2339
"636"	"Q"	"BWZ"	300
"643"	"D"	"BZF"	1164
"644"	"J"	"BZF"	300
"652"	"Y"	"BZQ"	100
"672"	"D"	"CEW"	1100
"673"	"P"	"CEW"	100
"674"	"Q"	"CEW"	100
"685"	"D"	"CFT"	235
"686"	"Q"	"CFT"	265
"698"	"D"	"CGW"	301
"699"	"Z"	"CGW"	100
"710"	"D"	"CHIQ"	300
"711"	"P"	"CHIQ"	100
"734"	"D"	"CIU"	2685
"735"	"P"	"CIU"	200
"736"	"Q"	"CIU"	200
"737"	"Y"	"CIU"	100
"738"	"Z"	"CIU"	200
"749"	"D"	"CLY"	100
"750"	"J"	"CLY"	100
"751"	"P"	"CLY"	300
"760"	"D"	"CMBS"	437
"761"	"P"	"CMBS"	987
"765"	"D"	"CMF"	100
"766"	"Q"	"CMF"	100
"777"	"D"	"COLX"	300
"782"	"D"	"COPX"	400
"791"	"B"	"CORN"	100
"792"	"D"	"CORN"	1055
"793"	"P"	"CORN"	400
"794"	"Z"	"CORN"	100
"798"	"D"	"CORP"	275
"799"	"P"	"CORP"	200
"805"	"D"	"COW"	100
"806"	"K"	"COW"	100
"807"	"Q"	"COW"	200
"811"	"D"	"CPER"	100
"814"	"D"	"CRBQ"	470
"821"	"K"	"CROP"	100
"826"	"J"	"CSD"	314
"836"	"D"	"CSJ"	6744
"837"	"J"	"CSJ"	100
"838"	"P"	"CSJ"	1775
"839"	"Q"	"CSJ"	372
"863"	"D"	"CURE"	200
"870"	"D"	"CUT"	1455
"871"	"K"	"CUT"	100
"872"	"W"	"CUT"	13500
"880"	"P"	"CVOL"	100
"888"	"D"	"CVY"	6027
"889"	"K"	"CVY"	300
"890"	"P"	"CVY"	400
"891"	"Q"	"CVY"	100
"892"	"Z"	"CVY"	300
"906"	"D"	"CWB"	12125
"907"	"K"	"CWB"	100
"908"	"P"	"CWB"	3419
"909"	"Q"	"CWB"	249
"910"	"Z"	"CWB"	100
"923"	"D"	"CWI"	500
"924"	"P"	"CWI"	400
"930"	"D"	"CYB"	745
"934"	"D"	"CZA"	1576
"942"	"C"	"DAG"	300
"943"	"P"	"DAG"	900
"944"	"Q"	"DAG"	300
"945"	"Z"	"DAG"	200
"954"	"B"	"DBA"	900
"955"	"D"	"DBA"	6571
"956"	"J"	"DBA"	304
"957"	"P"	"DBA"	1718
"958"	"Q"	"DBA"	1362
"959"	"Y"	"DBA"	1411
"960"	"Z"	"DBA"	1208
"972"	"D"	"DBB"	2493
"973"	"J"	"DBB"	1000
"974"	"K"	"DBB"	3000
"975"	"P"	"DBB"	1000
"976"	"Y"	"DBB"	1000
"993"	"B"	"DBC"	3472
"994"	"C"	"DBC"	13800
"995"	"D"	"DBC"	40252
"996"	"J"	"DBC"	18853
"997"	"K"	"DBC"	7271
"998"	"P"	"DBC"	56540
"999"	"Q"	"DBC"	20250
"1000"	"W"	"DBC"	116
"1001"	"X"	"DBC"	3000
"1002"	"Y"	"DBC"	4418
"1003"	"Z"	"DBC"	25650
"1017"	"D"	"DBE"	300
"1018"	"J"	"DBE"	151
"1026"	"D"	"DBEF"	1139
"1039"	"D"	"DBJP"	700
"1040"	"P"	"DBJP"	1386
"1053"	"B"	"DBO"	400
"1054"	"D"	"DBO"	2575
"1055"	"J"	"DBO"	3400
"1056"	"K"	"DBO"	2400
"1057"	"P"	"DBO"	3433
"1058"	"Q"	"DBO"	695
"1059"	"Y"	"DBO"	100
"1060"	"Z"	"DBO"	3400
"1074"	"B"	"DBP"	3659
"1075"	"D"	"DBP"	5326
"1076"	"J"	"DBP"	1500
"1077"	"K"	"DBP"	100
"1078"	"P"	"DBP"	500
"1093"	"D"	"DBV"	101
"1094"	"K"	"DBV"	196
"1095"	"P"	"DBV"	600
"1109"	"B"	"DDM"	1889
"1110"	"D"	"DDM"	9980
"1111"	"K"	"DDM"	700
"1112"	"P"	"DDM"	400
"1113"	"Q"	"DDM"	2000
"1114"	"X"	"DDM"	700
"1115"	"Y"	"DDM"	500
"1116"	"Z"	"DDM"	2000
"1127"	"D"	"DDP"	200
"1130"	"D"	"DEF"	1176
"1140"	"B"	"DEM"	900
"1141"	"D"	"DEM"	15677
"1142"	"J"	"DEM"	2700
"1143"	"P"	"DEM"	4100
"1144"	"Q"	"DEM"	400
"1145"	"Y"	"DEM"	400
"1146"	"Z"	"DEM"	904
"1160"	"D"	"DES"	2261
"1161"	"J"	"DES"	100
"1162"	"P"	"DES"	100
"1169"	"D"	"DFE"	400
"1170"	"P"	"DFE"	100
"1178"	"D"	"DFJ"	9600
"1179"	"P"	"DFJ"	200
"1180"	"Z"	"DFJ"	100
"1193"	"D"	"DGAZ"	26112
"1194"	"J"	"DGAZ"	300
"1195"	"K"	"DGAZ"	13800
"1196"	"P"	"DGAZ"	1200
"1197"	"Q"	"DGAZ"	1300
"1198"	"Z"	"DGAZ"	750
"1209"	"D"	"DGL"	830
"1210"	"Q"	"DGL"	200
"1223"	"D"	"DGLD"	150
"1224"	"P"	"DGLD"	200
"1234"	"D"	"DGP"	6050
"1235"	"P"	"DGP"	500
"1236"	"Q"	"DGP"	3600
"1237"	"Z"	"DGP"	900
"1249"	"D"	"DGS"	1015
"1250"	"K"	"DGS"	300
"1251"	"P"	"DGS"	1074
"1252"	"Q"	"DGS"	479
"1253"	"Z"	"DGS"	200
"1264"	"D"	"DGZ"	1420
"1265"	"J"	"DGZ"	1201
"1266"	"Q"	"DGZ"	599
"1267"	"Y"	"DGZ"	367
"1268"	"Z"	"DGZ"	700
"1281"	"D"	"DHS"	1804
"1282"	"P"	"DHS"	380
"1298"	"B"	"DIA"	6000
"1299"	"C"	"DIA"	100
"1300"	"D"	"DIA"	46258
"1301"	"J"	"DIA"	7661
"1302"	"K"	"DIA"	25866
"1303"	"P"	"DIA"	57339
"1304"	"Q"	"DIA"	48893
"1305"	"W"	"DIA"	100
"1306"	"Y"	"DIA"	4200
"1307"	"Z"	"DIA"	45394
"1324"	"D"	"DIG"	2735
"1325"	"Q"	"DIG"	200
"1335"	"D"	"DIV"	300
"1336"	"J"	"DIV"	640
"1344"	"B"	"DJP"	100
"1345"	"D"	"DJP"	731
"1346"	"J"	"DJP"	100
"1347"	"K"	"DJP"	1133
"1348"	"P"	"DJP"	100
"1349"	"Y"	"DJP"	100
"1359"	"D"	"DLBS"	175
"1366"	"D"	"DLN"	865
"1367"	"P"	"DLN"	1200
"1368"	"Z"	"DLN"	187
"1377"	"D"	"DLS"	765
"1378"	"P"	"DLS"	100
"1385"	"D"	"DNO"	300
"1386"	"Z"	"DNO"	100
"1397"	"B"	"DOG"	2000
"1398"	"D"	"DOG"	11760
"1399"	"J"	"DOG"	365
"1400"	"Q"	"DOG"	700
"1401"	"Z"	"DOG"	200
"1419"	"D"	"DON"	529
"1420"	"J"	"DON"	896
"1429"	"D"	"DOO"	586
"1435"	"D"	"DPK"	1930
"1447"	"D"	"DRN"	1809
"1448"	"K"	"DRN"	200
"1449"	"P"	"DRN"	900
"1450"	"Q"	"DRN"	300
"1451"	"Z"	"DRN"	900
"1463"	"D"	"DRR"	570
"1467"	"D"	"DRV"	300
"1468"	"J"	"DRV"	100
"1469"	"K"	"DRV"	377
"1470"	"P"	"DRV"	200
"1471"	"Y"	"DRV"	100
"1481"	"D"	"DRW"	308
"1482"	"P"	"DRW"	500
"1492"	"D"	"DSLV"	850
"1493"	"P"	"DSLV"	550
"1494"	"Q"	"DSLV"	500
"1504"	"P"	"DSUM"	200
"1505"	"Z"	"DSUM"	100
"1510"	"D"	"DTD"	350
"1513"	"D"	"DTH"	222
"1514"	"Z"	"DTH"	100
"1523"	"D"	"DTN"	1006
"1524"	"Z"	"DTN"	382
"1532"	"D"	"DTO"	1000
"1533"	"K"	"DTO"	556
"1534"	"P"	"DTO"	200
"1535"	"Q"	"DTO"	559
"1544"	"D"	"DTYS"	100
"1557"	"D"	"DUG"	1400
"1558"	"K"	"DUG"	1000
"1559"	"P"	"DUG"	700
"1560"	"Q"	"DUG"	1000
"1561"	"Y"	"DUG"	300
"1562"	"Z"	"DUG"	400
"1581"	"B"	"DUST"	500
"1582"	"D"	"DUST"	32979
"1583"	"K"	"DUST"	900
"1584"	"P"	"DUST"	2840
"1585"	"Q"	"DUST"	1619
"1586"	"Y"	"DUST"	200
"1587"	"Z"	"DUST"	2915
"1607"	"B"	"DVY"	398
"1608"	"D"	"DVY"	41997
"1609"	"J"	"DVY"	3800
"1610"	"K"	"DVY"	1800
"1611"	"P"	"DVY"	3600
"1612"	"Q"	"DVY"	3930
"1613"	"X"	"DVY"	200
"1614"	"Z"	"DVY"	6588
"1629"	"D"	"DVYE"	503
"1630"	"P"	"DVYE"	500
"1631"	"Z"	"DVYE"	700
"1638"	"D"	"DWAS"	480
"1643"	"D"	"DWM"	1538
"1653"	"D"	"DWX"	1715
"1654"	"J"	"DWX"	100
"1655"	"K"	"DWX"	800
"1656"	"P"	"DWX"	410
"1657"	"Z"	"DWX"	800
"1671"	"B"	"DXD"	1941
"1672"	"D"	"DXD"	14400
"1673"	"J"	"DXD"	400
"1674"	"K"	"DXD"	1050
"1675"	"P"	"DXD"	1700
"1676"	"W"	"DXD"	100
"1677"	"X"	"DXD"	1300
"1678"	"Y"	"DXD"	1349
"1679"	"Z"	"DXD"	2400
"1699"	"B"	"DXJ"	1300
"1700"	"D"	"DXJ"	83808
"1701"	"J"	"DXJ"	8461
"1702"	"K"	"DXJ"	3707
"1703"	"P"	"DXJ"	33495
"1704"	"Q"	"DXJ"	43798
"1705"	"W"	"DXJ"	600
"1706"	"X"	"DXJ"	200
"1707"	"Y"	"DXJ"	785
"1708"	"Z"	"DXJ"	10232
"1733"	"D"	"DZZ"	19389
"1734"	"J"	"DZZ"	2203
"1735"	"K"	"DZZ"	1941
"1736"	"P"	"DZZ"	2600
"1737"	"Q"	"DZZ"	3477
"1738"	"Y"	"DZZ"	1818
"1756"	"B"	"ECH"	400
"1757"	"D"	"ECH"	2200
"1758"	"K"	"ECH"	1854
"1759"	"P"	"ECH"	9400
"1760"	"Q"	"ECH"	6757
"1761"	"Y"	"ECH"	819
"1762"	"Z"	"ECH"	676
"1778"	"D"	"ECON"	4144
"1779"	"J"	"ECON"	1963
"1780"	"K"	"ECON"	500
"1781"	"P"	"ECON"	10535
"1782"	"Q"	"ECON"	5800
"1783"	"Z"	"ECON"	4800
"1798"	"B"	"EDC"	1086
"1799"	"C"	"EDC"	100
"1800"	"D"	"EDC"	4417
"1801"	"K"	"EDC"	400
"1802"	"P"	"EDC"	2885
"1803"	"Q"	"EDC"	354
"1804"	"X"	"EDC"	500
"1805"	"Y"	"EDC"	200
"1806"	"Z"	"EDC"	643
"1819"	"D"	"EDIV"	3844
"1820"	"J"	"EDIV"	200
"1821"	"K"	"EDIV"	1444
"1822"	"P"	"EDIV"	300
"1823"	"Z"	"EDIV"	1175
"1841"	"D"	"EDZ"	2820
"1842"	"P"	"EDZ"	1330
"1843"	"Y"	"EDZ"	200
"1856"	"B"	"EEB"	100
"1857"	"D"	"EEB"	200
"1858"	"P"	"EEB"	2115
"1859"	"Q"	"EEB"	100
"1860"	"Z"	"EEB"	200
"1866"	"D"	"EELV"	3103
"1867"	"J"	"EELV"	100
"1881"	"B"	"EEM"	157387
"1882"	"C"	"EEM"	1300
"1883"	"D"	"EEM"	1106342
"1884"	"J"	"EEM"	366616
"1885"	"K"	"EEM"	44965
"1886"	"M"	"EEM"	200
"1887"	"P"	"EEM"	430665
"1888"	"Q"	"EEM"	173431
"1889"	"W"	"EEM"	6400
"1890"	"X"	"EEM"	15000
"1891"	"Y"	"EEM"	99196
"1892"	"Z"	"EEM"	361155
"1906"	"D"	"EEMS"	600
"1907"	"P"	"EEMS"	1000
"1917"	"D"	"EEMV"	1910
"1918"	"P"	"EEMV"	300
"1919"	"Z"	"EEMV"	399
"1935"	"D"	"EET"	300
"1936"	"P"	"EET"	2502
"1937"	"Q"	"EET"	100
"1938"	"Z"	"EET"	300
"1943"	"D"	"EEV"	5202
"1944"	"J"	"EEV"	700
"1962"	"B"	"EFA"	49437
"1963"	"C"	"EFA"	2000
"1964"	"D"	"EFA"	353553
"1965"	"J"	"EFA"	128836
"1966"	"K"	"EFA"	16423
"1967"	"P"	"EFA"	213114
"1968"	"Q"	"EFA"	78680
"1969"	"X"	"EFA"	7900
"1970"	"Y"	"EFA"	15503
"1971"	"Z"	"EFA"	158342
"1986"	"D"	"EFAV"	530
"1987"	"J"	"EFAV"	500
"1988"	"K"	"EFAV"	200
"1989"	"P"	"EFAV"	100
"1999"	"D"	"EFG"	945
"2000"	"J"	"EFG"	100
"2001"	"P"	"EFG"	200
"2002"	"Y"	"EFG"	100
"2003"	"Z"	"EFG"	100
"2020"	"B"	"EFV"	100
"2021"	"D"	"EFV"	526
"2022"	"P"	"EFV"	300
"2023"	"Q"	"EFV"	100
"2036"	"D"	"EFZ"	1300
"2037"	"K"	"EFZ"	288
"2042"	"D"	"EGPT"	4000
"2055"	"B"	"EIDO"	100
"2056"	"D"	"EIDO"	11284
"2057"	"J"	"EIDO"	4100
"2058"	"K"	"EIDO"	200
"2059"	"P"	"EIDO"	10715
"2060"	"Q"	"EIDO"	6771
"2061"	"Y"	"EIDO"	204
"2062"	"Z"	"EIDO"	2307
"2083"	"D"	"ELD"	3898
"2084"	"K"	"ELD"	100
"2085"	"P"	"ELD"	200
"2086"	"Q"	"ELD"	300
"2087"	"Z"	"ELD"	500
"2101"	"B"	"EMB"	200
"2102"	"D"	"EMB"	44284
"2103"	"J"	"EMB"	356
"2104"	"K"	"EMB"	100
"2105"	"P"	"EMB"	6485
"2106"	"Y"	"EMB"	668
"2107"	"Z"	"EMB"	100
"2125"	"D"	"EMLC"	4119
"2126"	"K"	"EMLC"	200
"2127"	"P"	"EMLC"	1890
"2128"	"Q"	"EMLC"	1800
"2129"	"X"	"EMLC"	200
"2130"	"Y"	"EMLC"	500
"2131"	"Z"	"EMLC"	600
"2142"	"D"	"EMLP"	39200
"2143"	"J"	"EMLP"	1842
"2144"	"P"	"EMLP"	400
"2154"	"D"	"ENY"	200
"2159"	"J"	"ENZL"	150
"2174"	"B"	"EPHE"	600
"2175"	"D"	"EPHE"	1132
"2176"	"J"	"EPHE"	400
"2177"	"K"	"EPHE"	600
"2178"	"P"	"EPHE"	5642
"2179"	"Q"	"EPHE"	3707
"2180"	"W"	"EPHE"	200
"2181"	"Y"	"EPHE"	1124
"2182"	"Z"	"EPHE"	1100
"2199"	"B"	"EPI"	4677
"2200"	"D"	"EPI"	40558
"2201"	"J"	"EPI"	15316
"2202"	"K"	"EPI"	6700
"2203"	"P"	"EPI"	87880
"2204"	"Q"	"EPI"	26032
"2205"	"X"	"EPI"	500
"2206"	"Y"	"EPI"	11410
"2207"	"Z"	"EPI"	20262
"2221"	"B"	"EPOL"	200
"2222"	"D"	"EPOL"	1400
"2223"	"P"	"EPOL"	7058
"2224"	"Q"	"EPOL"	1400
"2225"	"Z"	"EPOL"	100
"2241"	"B"	"EPP"	200
"2242"	"D"	"EPP"	21339
"2243"	"J"	"EPP"	1700
"2244"	"K"	"EPP"	1100
"2245"	"P"	"EPP"	13623
"2246"	"Q"	"EPP"	10296
"2247"	"Y"	"EPP"	571
"2248"	"Z"	"EPP"	7716
"2259"	"D"	"EPS"	283
"2263"	"D"	"EPU"	4400
"2264"	"J"	"EPU"	2777
"2265"	"K"	"EPU"	100
"2266"	"P"	"EPU"	3500
"2267"	"Q"	"EPU"	1100
"2268"	"Z"	"EPU"	100
"2281"	"D"	"EPV"	5900
"2282"	"J"	"EPV"	400
"2283"	"K"	"EPV"	400
"2284"	"P"	"EPV"	800
"2285"	"Q"	"EPV"	500
"2286"	"Z"	"EPV"	300
"2302"	"D"	"ERUS"	626
"2303"	"J"	"ERUS"	200
"2304"	"K"	"ERUS"	104
"2305"	"Q"	"ERUS"	400
"2321"	"B"	"ERX"	1400
"2322"	"D"	"ERX"	10017
"2323"	"J"	"ERX"	3968
"2324"	"K"	"ERX"	2000
"2325"	"P"	"ERX"	900
"2326"	"Q"	"ERX"	1927
"2327"	"Y"	"ERX"	700
"2328"	"Z"	"ERX"	1339
"2346"	"B"	"ERY"	4511
"2347"	"D"	"ERY"	16935
"2348"	"J"	"ERY"	5611
"2349"	"K"	"ERY"	12204
"2350"	"P"	"ERY"	4416
"2351"	"Q"	"ERY"	3300
"2352"	"Y"	"ERY"	4879
"2353"	"Z"	"ERY"	2500
"2370"	"D"	"EUM"	1325
"2371"	"J"	"EUM"	100
"2372"	"Q"	"EUM"	700
"2373"	"Z"	"EUM"	945
"2388"	"B"	"EUO"	300
"2389"	"D"	"EUO"	11004
"2390"	"J"	"EUO"	3100
"2391"	"K"	"EUO"	2324
"2392"	"P"	"EUO"	2974
"2393"	"Q"	"EUO"	4302
"2394"	"X"	"EUO"	600
"2395"	"Y"	"EUO"	544
"2396"	"Z"	"EUO"	4012
"2413"	"B"	"EWA"	880
"2414"	"D"	"EWA"	18581
"2415"	"J"	"EWA"	14658
"2416"	"K"	"EWA"	3780
"2417"	"P"	"EWA"	13201
"2418"	"Q"	"EWA"	10400
"2419"	"Y"	"EWA"	3313
"2420"	"Z"	"EWA"	4351
"2439"	"B"	"EWC"	16591
"2440"	"D"	"EWC"	93316
"2441"	"J"	"EWC"	12835
"2442"	"K"	"EWC"	4647
"2443"	"P"	"EWC"	8912
"2444"	"Q"	"EWC"	2814
"2445"	"Y"	"EWC"	2747
"2446"	"Z"	"EWC"	18329
"2462"	"D"	"EWD"	432
"2463"	"K"	"EWD"	200
"2464"	"P"	"EWD"	2700
"2482"	"B"	"EWG"	2800
"2483"	"D"	"EWG"	6980
"2484"	"J"	"EWG"	11874
"2485"	"K"	"EWG"	4066
"2486"	"P"	"EWG"	8292
"2487"	"Q"	"EWG"	18177
"2488"	"W"	"EWG"	300
"2489"	"X"	"EWG"	300
"2490"	"Y"	"EWG"	300
"2491"	"Z"	"EWG"	11731
"2510"	"B"	"EWH"	7529
"2511"	"D"	"EWH"	31628
"2512"	"J"	"EWH"	4541
"2513"	"K"	"EWH"	1934
"2514"	"P"	"EWH"	27789
"2515"	"Q"	"EWH"	6171
"2516"	"W"	"EWH"	300
"2517"	"Y"	"EWH"	1900
"2518"	"Z"	"EWH"	21165
"2538"	"B"	"EWI"	466
"2539"	"D"	"EWI"	22292
"2540"	"J"	"EWI"	8452
"2541"	"K"	"EWI"	9390
"2542"	"P"	"EWI"	11025
"2543"	"Q"	"EWI"	2616
"2544"	"W"	"EWI"	721
"2545"	"X"	"EWI"	100
"2546"	"Y"	"EWI"	2490
"2547"	"Z"	"EWI"	18457
"2569"	"B"	"EWJ"	66120
"2570"	"D"	"EWJ"	1391144
"2571"	"J"	"EWJ"	156209
"2572"	"K"	"EWJ"	38512
"2573"	"P"	"EWJ"	531732
"2574"	"Q"	"EWJ"	94285
"2575"	"X"	"EWJ"	200
"2576"	"Y"	"EWJ"	8189
"2577"	"Z"	"EWJ"	148287
"2589"	"D"	"EWK"	1052
"2590"	"Z"	"EWK"	100
"2601"	"D"	"EWL"	900
"2602"	"J"	"EWL"	400
"2603"	"K"	"EWL"	200
"2604"	"P"	"EWL"	506
"2605"	"Q"	"EWL"	267
"2606"	"Y"	"EWL"	300
"2607"	"Z"	"EWL"	500
"2622"	"B"	"EWM"	3060
"2623"	"D"	"EWM"	48937
"2624"	"J"	"EWM"	5213
"2625"	"K"	"EWM"	400
"2626"	"P"	"EWM"	29513
"2627"	"Q"	"EWM"	2100
"2628"	"Y"	"EWM"	800
"2629"	"Z"	"EWM"	13200
"2640"	"D"	"EWN"	600
"2641"	"J"	"EWN"	100
"2642"	"P"	"EWN"	2300
"2643"	"Q"	"EWN"	500
"2661"	"B"	"EWP"	600
"2662"	"D"	"EWP"	1200
"2663"	"J"	"EWP"	400
"2664"	"K"	"EWP"	100
"2665"	"P"	"EWP"	1033
"2666"	"Q"	"EWP"	800
"2667"	"Y"	"EWP"	500
"2668"	"Z"	"EWP"	900
"2684"	"B"	"EWQ"	300
"2685"	"D"	"EWQ"	4730
"2686"	"J"	"EWQ"	100
"2687"	"K"	"EWQ"	587
"2688"	"P"	"EWQ"	9100
"2689"	"Q"	"EWQ"	4076
"2690"	"Y"	"EWQ"	246
"2691"	"Z"	"EWQ"	4645
"2715"	"B"	"EWS"	2964
"2716"	"D"	"EWS"	22936
"2717"	"J"	"EWS"	3422
"2718"	"K"	"EWS"	730
"2719"	"P"	"EWS"	6245
"2720"	"Q"	"EWS"	3631
"2721"	"X"	"EWS"	200
"2722"	"Y"	"EWS"	250
"2723"	"Z"	"EWS"	5928
"2736"	"D"	"EWSS"	400
"2748"	"B"	"EWT"	7302
"2749"	"D"	"EWT"	135526
"2750"	"J"	"EWT"	110806
"2751"	"K"	"EWT"	14052
"2752"	"P"	"EWT"	272074
"2753"	"Q"	"EWT"	57726
"2754"	"W"	"EWT"	200
"2755"	"Y"	"EWT"	20422
"2756"	"Z"	"EWT"	220014
"2776"	"B"	"EWU"	744
"2777"	"D"	"EWU"	14133
"2778"	"J"	"EWU"	523
"2779"	"K"	"EWU"	290
"2780"	"P"	"EWU"	1700
"2781"	"Q"	"EWU"	1500
"2782"	"W"	"EWU"	200
"2783"	"X"	"EWU"	200
"2784"	"Y"	"EWU"	3123
"2785"	"Z"	"EWU"	3500
"2808"	"B"	"EWW"	500
"2809"	"D"	"EWW"	66496
"2810"	"J"	"EWW"	10443
"2811"	"K"	"EWW"	6243
"2812"	"P"	"EWW"	45870
"2813"	"Q"	"EWW"	7900
"2814"	"W"	"EWW"	100
"2815"	"Y"	"EWW"	2300
"2816"	"Z"	"EWW"	29539
"2829"	"K"	"EWX"	100
"2830"	"P"	"EWX"	1000
"2831"	"Q"	"EWX"	200
"2847"	"B"	"EWY"	800
"2848"	"D"	"EWY"	27370
"2849"	"J"	"EWY"	2000
"2850"	"K"	"EWY"	3907
"2851"	"P"	"EWY"	20736
"2852"	"Q"	"EWY"	15168
"2853"	"Y"	"EWY"	400
"2854"	"Z"	"EWY"	21357
"2876"	"B"	"EWZ"	8725
"2877"	"D"	"EWZ"	100875
"2878"	"J"	"EWZ"	13011
"2879"	"K"	"EWZ"	8322
"2880"	"P"	"EWZ"	191650
"2881"	"Q"	"EWZ"	32615
"2882"	"W"	"EWZ"	200
"2883"	"X"	"EWZ"	200
"2884"	"Y"	"EWZ"	5226
"2885"	"Z"	"EWZ"	27371
"2897"	"D"	"EWZS"	200
"2902"	"K"	"EXI"	1200
"2910"	"D"	"EZA"	1050
"2911"	"P"	"EZA"	5525
"2912"	"Q"	"EZA"	1000
"2913"	"Z"	"EZA"	100
"2925"	"D"	"EZJ"	300
"2926"	"P"	"EZJ"	2700
"2937"	"B"	"EZU"	1500
"2938"	"D"	"EZU"	3662
"2939"	"J"	"EZU"	1155
"2940"	"K"	"EZU"	200
"2941"	"P"	"EZU"	5986
"2942"	"Q"	"EZU"	11900
"2943"	"Y"	"EZU"	1344
"2944"	"Z"	"EZU"	6959
"2957"	"D"	"FAB"	1362
"2962"	"P"	"FAD"	275
"2978"	"B"	"FAS"	11000
"2979"	"C"	"FAS"	600
"2980"	"D"	"FAS"	56326
"2981"	"J"	"FAS"	22702
"2982"	"K"	"FAS"	8310
"2983"	"P"	"FAS"	8106
"2984"	"Q"	"FAS"	19955
"2985"	"W"	"FAS"	425
"2986"	"X"	"FAS"	600
"2987"	"Y"	"FAS"	3100
"2988"	"Z"	"FAS"	24249
"3009"	"B"	"FAZ"	3000
"3010"	"D"	"FAZ"	29220
"3011"	"J"	"FAZ"	6000
"3012"	"K"	"FAZ"	18907
"3013"	"P"	"FAZ"	5325
"3014"	"Q"	"FAZ"	5697
"3015"	"Y"	"FAZ"	4418
"3016"	"Z"	"FAZ"	21414
"3027"	"D"	"FBG"	800
"3028"	"P"	"FBG"	470
"3029"	"Q"	"FBG"	800
"3038"	"D"	"FBT"	1770
"3039"	"P"	"FBT"	167
"3040"	"Q"	"FBT"	437
"3041"	"Z"	"FBT"	244
"3051"	"D"	"FCAN"	1164
"3055"	"B"	"FCG"	7400
"3056"	"D"	"FCG"	26043
"3057"	"J"	"FCG"	35854
"3058"	"K"	"FCG"	17681
"3059"	"P"	"FCG"	54280
"3060"	"Q"	"FCG"	24613
"3061"	"X"	"FCG"	400
"3062"	"Y"	"FCG"	2400
"3063"	"Z"	"FCG"	40473
"3075"	"D"	"FDD"	2000
"3083"	"D"	"FDL"	10149
"3084"	"X"	"FDL"	4000
"3097"	"B"	"FDN"	4490
"3098"	"D"	"FDN"	9375
"3099"	"P"	"FDN"	610
"3100"	"Z"	"FDN"	1300
"3107"	"D"	"FDT"	200
"3108"	"P"	"FDT"	1000
"3112"	"D"	"FEM"	554
"3113"	"P"	"FEM"	200
"3120"	"D"	"FEP"	830
"3123"	"D"	"FEU"	200
"3126"	"D"	"FEX"	2585
"3137"	"B"	"FEZ"	2300
"3138"	"D"	"FEZ"	12761
"3139"	"J"	"FEZ"	1000
"3140"	"K"	"FEZ"	100
"3141"	"P"	"FEZ"	3700
"3142"	"Q"	"FEZ"	2800
"3143"	"X"	"FEZ"	400
"3144"	"Y"	"FEZ"	1800
"3145"	"Z"	"FEZ"	3108
"3161"	"D"	"FGD"	656
"3162"	"P"	"FGD"	100
"3180"	"D"	"FIW"	100
"3181"	"P"	"FIW"	100
"3186"	"D"	"FJP"	150
"3189"	"P"	"FKU"	470
"3197"	"B"	"FLOT"	400
"3198"	"D"	"FLOT"	9267
"3199"	"K"	"FLOT"	800
"3200"	"P"	"FLOT"	2391
"3201"	"Q"	"FLOT"	1683
"3202"	"Z"	"FLOT"	300
"3215"	"D"	"FM"	1400
"3216"	"P"	"FM"	382
"3217"	"Z"	"FM"	509
"3237"	"D"	"FNX"	1002
"3238"	"J"	"FNX"	1744
"3239"	"Q"	"FNX"	113
"3240"	"Z"	"FNX"	1060
"3252"	"D"	"FORX"	150
"3259"	"D"	"FPE"	1564
"3267"	"D"	"FPX"	142
"3268"	"J"	"FPX"	184
"3274"	"D"	"FRI"	2469
"3275"	"J"	"FRI"	3517
"3276"	"Q"	"FRI"	100
"3286"	"D"	"FRN"	586
"3287"	"K"	"FRN"	1585
"3288"	"Q"	"FRN"	100
"3303"	"D"	"FTA"	300
"3309"	"D"	"FTC"	200
"3316"	"D"	"FVD"	1801
"3317"	"K"	"FVD"	2439
"3325"	"D"	"FVL"	592
"3330"	"D"	"FXA"	100
"3331"	"P"	"FXA"	225
"3332"	"Q"	"FXA"	225
"3333"	"Z"	"FXA"	174
"3342"	"Z"	"FXB"	200
"3351"	"D"	"FXC"	1000
"3352"	"Q"	"FXC"	100
"3353"	"Z"	"FXC"	100
"3368"	"D"	"FXD"	7204
"3369"	"J"	"FXD"	800
"3370"	"P"	"FXD"	1083
"3371"	"Y"	"FXD"	100
"3372"	"Z"	"FXD"	243
"3384"	"D"	"FXE"	400
"3385"	"J"	"FXE"	100
"3386"	"P"	"FXE"	3900
"3387"	"Q"	"FXE"	2194
"3388"	"W"	"FXE"	100
"3389"	"Z"	"FXE"	300
"3401"	"D"	"FXF"	200
"3402"	"Q"	"FXF"	600
"3403"	"Z"	"FXF"	200
"3412"	"K"	"FXG"	200
"3413"	"Q"	"FXG"	400
"3424"	"D"	"FXH"	1784
"3425"	"Z"	"FXH"	387
"3444"	"B"	"FXI"	46610
"3445"	"D"	"FXI"	363382
"3446"	"J"	"FXI"	78571
"3447"	"K"	"FXI"	29818
"3448"	"P"	"FXI"	446534
"3449"	"Q"	"FXI"	56095
"3450"	"W"	"FXI"	2700
"3451"	"X"	"FXI"	3600
"3452"	"Y"	"FXI"	22000
"3453"	"Z"	"FXI"	113942
"3468"	"D"	"FXL"	962
"3469"	"P"	"FXL"	1300
"3470"	"Y"	"FXL"	100
"3471"	"Z"	"FXL"	100
"3479"	"D"	"FXN"	1435
"3480"	"K"	"FXN"	1047
"3486"	"D"	"FXO"	3556
"3487"	"P"	"FXO"	2100
"3488"	"Z"	"FXO"	5094
"3498"	"B"	"FXP"	300
"3499"	"D"	"FXP"	14504
"3500"	"J"	"FXP"	2200
"3501"	"K"	"FXP"	200
"3502"	"P"	"FXP"	300
"3503"	"Y"	"FXP"	100
"3504"	"Z"	"FXP"	400
"3515"	"D"	"FXR"	2203
"3516"	"P"	"FXR"	1242
"3529"	"D"	"FXU"	602
"3538"	"D"	"FXY"	15258
"3539"	"J"	"FXY"	600
"3540"	"K"	"FXY"	150
"3541"	"P"	"FXY"	5707
"3542"	"Q"	"FXY"	1000
"3543"	"Z"	"FXY"	300
"3554"	"D"	"FXZ"	499
"3555"	"P"	"FXZ"	1040
"3564"	"D"	"FYX"	2498
"3565"	"J"	"FYX"	700
"3566"	"K"	"FYX"	300
"3567"	"P"	"FYX"	300
"3568"	"Z"	"FYX"	400
"3574"	"D"	"GAL"	745
"3582"	"B"	"GASL"	514
"3583"	"D"	"GASL"	4617
"3584"	"P"	"GASL"	5113
"3585"	"Q"	"GASL"	100
"3597"	"D"	"GASX"	950
"3598"	"P"	"GASX"	300
"3607"	"D"	"GASZ"	100
"3610"	"Q"	"GAZ"	1100
"3617"	"K"	"GBF"	178
"3620"	"D"	"GCC"	500
"3621"	"J"	"GCC"	824
"3622"	"Z"	"GCC"	300
"3639"	"B"	"GDX"	150564
"3640"	"D"	"GDX"	1635622
"3641"	"J"	"GDX"	263374
"3642"	"K"	"GDX"	404433
"3643"	"P"	"GDX"	692010
"3644"	"Q"	"GDX"	394783
"3645"	"W"	"GDX"	23190
"3646"	"X"	"GDX"	25300
"3647"	"Y"	"GDX"	151909
"3648"	"Z"	"GDX"	453375
"3667"	"B"	"GDXJ"	6432
"3668"	"D"	"GDXJ"	130384
"3669"	"J"	"GDXJ"	3658
"3670"	"K"	"GDXJ"	10612
"3671"	"P"	"GDXJ"	48164
"3672"	"Q"	"GDXJ"	27156
"3673"	"X"	"GDXJ"	500
"3674"	"Y"	"GDXJ"	3100
"3675"	"Z"	"GDXJ"	24074
"3691"	"P"	"GEX"	500
"3692"	"Z"	"GEX"	100
"3712"	"B"	"GLD"	2300
"3713"	"D"	"GLD"	146541
"3714"	"J"	"GLD"	7821
"3715"	"K"	"GLD"	16517
"3716"	"M"	"GLD"	300
"3717"	"P"	"GLD"	54296
"3718"	"Q"	"GLD"	32491
"3719"	"W"	"GLD"	300
"3720"	"X"	"GLD"	600
"3721"	"Y"	"GLD"	3435
"3722"	"Z"	"GLD"	33633
"3737"	"D"	"GLDX"	2100
"3754"	"D"	"GLL"	2350
"3755"	"K"	"GLL"	700
"3756"	"P"	"GLL"	800
"3757"	"Q"	"GLL"	500
"3758"	"Y"	"GLL"	498
"3759"	"Z"	"GLL"	500
"3769"	"D"	"GLTR"	137
"3770"	"Y"	"GLTR"	100
"3775"	"D"	"GMF"	400
"3776"	"P"	"GMF"	4356
"3783"	"D"	"GMFS"	177
"3786"	"D"	"GML"	400
"3787"	"P"	"GML"	200
"3795"	"D"	"GNAT"	200
"3800"	"K"	"GNR"	100
"3801"	"P"	"GNR"	100
"3802"	"Z"	"GNR"	150
"3812"	"J"	"GOVT"	6263
"3813"	"K"	"GOVT"	100
"3814"	"Q"	"GOVT"	200
"3815"	"Z"	"GOVT"	172
"3821"	"D"	"GREK"	100
"3838"	"D"	"GRU"	200
"3839"	"Z"	"GRU"	260
"3844"	"D"	"GSC"	100
"3852"	"D"	"GSG"	300
"3853"	"J"	"GSG"	884
"3854"	"P"	"GSG"	300
"3855"	"Q"	"GSG"	523
"3856"	"Z"	"GSG"	441
"3873"	"P"	"GSRA"	2300
"3875"	"Z"	"GSY"	160
"3889"	"B"	"GUNR"	100
"3890"	"D"	"GUNR"	800
"3891"	"J"	"GUNR"	540
"3892"	"P"	"GUNR"	850
"3893"	"Q"	"GUNR"	900
"3894"	"Z"	"GUNR"	600
"3904"	"B"	"GUR"	100
"3905"	"D"	"GUR"	600
"3906"	"K"	"GUR"	100
"3907"	"P"	"GUR"	2546
"3908"	"Q"	"GUR"	400
"3909"	"Z"	"GUR"	300
"3915"	"P"	"GURU"	190
"3923"	"B"	"GWL"	100
"3924"	"D"	"GWL"	840
"3925"	"Z"	"GWL"	3209
"3935"	"D"	"GWX"	1400
"3936"	"J"	"GWX"	142
"3937"	"P"	"GWX"	200
"3938"	"Q"	"GWX"	200
"3947"	"B"	"GXC"	100
"3948"	"C"	"GXC"	100
"3949"	"D"	"GXC"	769
"3950"	"J"	"GXC"	300
"3951"	"P"	"GXC"	300
"3952"	"Q"	"GXC"	100
"3953"	"Z"	"GXC"	100
"3970"	"B"	"GXG"	100
"3971"	"D"	"GXG"	800
"3972"	"P"	"GXG"	13600
"3973"	"Z"	"GXG"	100
"3983"	"P"	"GYLD"	1100
"3984"	"Z"	"GYLD"	1200
"3993"	"D"	"HAO"	2936
"3994"	"P"	"HAO"	500
"3995"	"Q"	"HAO"	200
"3996"	"Z"	"HAO"	200
"4007"	"D"	"HDG"	700
"4008"	"P"	"HDG"	700
"4014"	"B"	"HDGE"	100
"4015"	"D"	"HDGE"	3400
"4016"	"J"	"HDGE"	100
"4017"	"P"	"HDGE"	400
"4018"	"Q"	"HDGE"	1350
"4019"	"X"	"HDGE"	200
"4020"	"Y"	"HDGE"	200
"4021"	"Z"	"HDGE"	500
"4034"	"D"	"HDV"	3910
"4035"	"P"	"HDV"	212
"4036"	"Q"	"HDV"	400
"4037"	"Y"	"HDV"	200
"4050"	"D"	"HEDJ"	1800
"4057"	"D"	"HGI"	2074
"4058"	"J"	"HGI"	300
"4061"	"D"	"HILO"	1600
"4069"	"D"	"HYD"	300
"4070"	"Y"	"HYD"	200
"4071"	"Z"	"HYD"	700
"4080"	"D"	"HYEM"	136
"4081"	"Z"	"HYEM"	122
"4094"	"B"	"HYG"	4002
"4095"	"D"	"HYG"	50275
"4096"	"J"	"HYG"	7429
"4097"	"K"	"HYG"	1759
"4098"	"P"	"HYG"	29593
"4099"	"Q"	"HYG"	4205
"4100"	"Y"	"HYG"	1800
"4101"	"Z"	"HYG"	7189
"4116"	"D"	"HYLD"	4125
"4117"	"K"	"HYLD"	1000
"4118"	"P"	"HYLD"	700
"4134"	"B"	"HYS"	100
"4135"	"D"	"HYS"	550
"4136"	"P"	"HYS"	100
"4137"	"Y"	"HYS"	300
"4138"	"Z"	"HYS"	462
"4151"	"P"	"IAK"	214
"4158"	"D"	"IAT"	939
"4159"	"P"	"IAT"	100
"4171"	"B"	"IAU"	30518
"4172"	"D"	"IAU"	128466
"4173"	"J"	"IAU"	7511
"4174"	"K"	"IAU"	2651
"4175"	"P"	"IAU"	900
"4176"	"Q"	"IAU"	12900
"4177"	"X"	"IAU"	500
"4178"	"Y"	"IAU"	25138
"4179"	"Z"	"IAU"	12200
"4192"	"D"	"IBND"	203
"4200"	"B"	"ICF"	400
"4201"	"D"	"ICF"	9200
"4202"	"J"	"ICF"	301
"4203"	"K"	"ICF"	300
"4204"	"P"	"ICF"	2100
"4205"	"Q"	"ICF"	1209
"4206"	"X"	"ICF"	2700
"4207"	"Y"	"ICF"	301
"4208"	"Z"	"ICF"	376
"4219"	"D"	"ICI"	100
"4220"	"Z"	"ICI"	100
"4230"	"D"	"IDLV"	940
"4231"	"J"	"IDLV"	391
"4232"	"P"	"IDLV"	2197
"4233"	"Z"	"IDLV"	700
"4241"	"D"	"IDU"	1527
"4242"	"K"	"IDU"	283
"4243"	"Q"	"IDU"	200
"4244"	"Z"	"IDU"	189
"4254"	"C"	"IDV"	100
"4255"	"D"	"IDV"	9078
"4256"	"K"	"IDV"	1800
"4257"	"P"	"IDV"	1058
"4258"	"Q"	"IDV"	950
"4259"	"Y"	"IDV"	200
"4260"	"Z"	"IDV"	1219
"4274"	"B"	"IDX"	100
"4275"	"D"	"IDX"	2531
"4276"	"J"	"IDX"	100
"4277"	"K"	"IDX"	100
"4278"	"P"	"IDX"	4726
"4279"	"Y"	"IDX"	100
"4294"	"B"	"IEF"	2998
"4295"	"D"	"IEF"	15163
"4296"	"J"	"IEF"	1000
"4297"	"K"	"IEF"	300
"4298"	"P"	"IEF"	1500
"4299"	"Q"	"IEF"	1100
"4300"	"Y"	"IEF"	1900
"4301"	"Z"	"IEF"	2002
"4311"	"D"	"IEFA"	6191
"4312"	"J"	"IEFA"	1200
"4313"	"P"	"IEFA"	1100
"4314"	"Z"	"IEFA"	900
"4321"	"D"	"IEI"	2368
"4322"	"Q"	"IEI"	300
"4323"	"Z"	"IEI"	1100
"4334"	"B"	"IEMG"	100
"4335"	"D"	"IEMG"	3813
"4336"	"J"	"IEMG"	100
"4337"	"K"	"IEMG"	500
"4338"	"P"	"IEMG"	3900
"4339"	"Q"	"IEMG"	400
"4340"	"Y"	"IEMG"	500
"4341"	"Z"	"IEMG"	200
"4350"	"J"	"IEO"	548
"4351"	"Z"	"IEO"	374
"4364"	"D"	"IEV"	903
"4365"	"K"	"IEV"	200
"4366"	"P"	"IEV"	1290
"4367"	"Y"	"IEV"	486
"4368"	"Z"	"IEV"	600
"4377"	"B"	"IEZ"	200
"4378"	"D"	"IEZ"	1180
"4379"	"J"	"IEZ"	900
"4380"	"K"	"IEZ"	1999
"4381"	"P"	"IEZ"	2667
"4382"	"Q"	"IEZ"	500
"4383"	"Y"	"IEZ"	500
"4384"	"Z"	"IEZ"	699
"4399"	"B"	"IGE"	100
"4400"	"D"	"IGE"	975
"4401"	"P"	"IGE"	257
"4415"	"D"	"IGF"	3794
"4416"	"P"	"IGF"	1525
"4417"	"Q"	"IGF"	111
"4418"	"Z"	"IGF"	100
"4431"	"P"	"IGM"	800
"4438"	"D"	"IGN"	100
"4439"	"Z"	"IGN"	100
"4444"	"P"	"IGV"	100
"4452"	"D"	"IHE"	200
"4453"	"K"	"IHE"	100
"4454"	"Q"	"IHE"	200
"4464"	"P"	"IHF"	600
"4471"	"B"	"IHI"	100
"4472"	"D"	"IHI"	500
"4473"	"K"	"IHI"	200
"4474"	"P"	"IHI"	412
"4475"	"Z"	"IHI"	635
"4484"	"D"	"IHY"	541
"4485"	"J"	"IHY"	2030
"4486"	"Z"	"IHY"	179
"4502"	"B"	"IJH"	400
"4503"	"D"	"IJH"	12174
"4504"	"J"	"IJH"	200
"4505"	"P"	"IJH"	300
"4506"	"Q"	"IJH"	3700
"4507"	"Z"	"IJH"	2740
"4518"	"D"	"IJJ"	832
"4519"	"K"	"IJJ"	430
"4520"	"P"	"IJJ"	106
"4521"	"Q"	"IJJ"	300
"4522"	"Z"	"IJJ"	173
"4533"	"D"	"IJK"	456
"4542"	"B"	"IJR"	500
"4543"	"D"	"IJR"	2510
"4544"	"J"	"IJR"	1100
"4545"	"K"	"IJR"	300
"4546"	"P"	"IJR"	2014
"4547"	"Q"	"IJR"	6368
"4548"	"W"	"IJR"	100
"4549"	"Y"	"IJR"	1762
"4550"	"Z"	"IJR"	1109
"4565"	"D"	"IJS"	1172
"4566"	"Q"	"IJS"	163
"4580"	"D"	"IJT"	200
"4581"	"P"	"IJT"	416
"4582"	"Z"	"IJT"	100
"4590"	"D"	"ILB"	888
"4600"	"B"	"ILF"	400
"4601"	"D"	"ILF"	24238
"4602"	"J"	"ILF"	1200
"4603"	"K"	"ILF"	300
"4604"	"P"	"ILF"	1816
"4605"	"Q"	"ILF"	2700
"4606"	"W"	"ILF"	100
"4607"	"Y"	"ILF"	1000
"4608"	"Z"	"ILF"	2778
"4618"	"D"	"ILTB"	667
"4622"	"D"	"IMLP"	300
"4628"	"D"	"INDL"	300
"4629"	"J"	"INDL"	100
"4634"	"D"	"INKM"	715
"4635"	"Z"	"INKM"	1314
"4643"	"D"	"INP"	600
"4644"	"K"	"INP"	100
"4645"	"P"	"INP"	2702
"4646"	"Q"	"INP"	200
"4647"	"Y"	"INP"	100
"4648"	"Z"	"INP"	400
"4662"	"B"	"IOO"	100
"4663"	"D"	"IOO"	4015
"4664"	"Z"	"IOO"	200
"4673"	"D"	"IPE"	1000
"4674"	"J"	"IPE"	685
"4675"	"Z"	"IPE"	875
"4685"	"D"	"IPFF"	419
"4690"	"D"	"IPS"	300
"4691"	"P"	"IPS"	838
"4692"	"Z"	"IPS"	200
"4704"	"P"	"IQDF"	250
"4711"	"D"	"IRY"	100
"4718"	"D"	"IST"	100
"4723"	"D"	"ISTB"	848
"4727"	"P"	"ITA"	100
"4742"	"B"	"ITB"	5629
"4743"	"D"	"ITB"	67718
"4744"	"J"	"ITB"	23390
"4745"	"K"	"ITB"	6470
"4746"	"P"	"ITB"	16640
"4747"	"Q"	"ITB"	22671
"4748"	"W"	"ITB"	400
"4749"	"X"	"ITB"	400
"4750"	"Y"	"ITB"	5907
"4751"	"Z"	"ITB"	20181
"4774"	"D"	"ITM"	500
"4775"	"Y"	"ITM"	1700
"4776"	"Z"	"ITM"	900
"4787"	"D"	"ITOT"	230
"4788"	"J"	"ITOT"	741
"4789"	"K"	"ITOT"	100
"4790"	"Q"	"ITOT"	192
"4798"	"D"	"ITR"	1296
"4799"	"J"	"ITR"	100
"4800"	"P"	"ITR"	750
"4801"	"Q"	"ITR"	300
"4802"	"Y"	"ITR"	200
"4803"	"Z"	"ITR"	100
"4815"	"B"	"IVE"	700
"4816"	"C"	"IVE"	100
"4817"	"D"	"IVE"	8378
"4818"	"J"	"IVE"	11214
"4819"	"K"	"IVE"	16800
"4820"	"P"	"IVE"	3068
"4821"	"Q"	"IVE"	10073
"4822"	"Y"	"IVE"	800
"4823"	"Z"	"IVE"	5700
"4835"	"D"	"IVOG"	320
"4837"	"D"	"IVOO"	1660
"4838"	"P"	"IVOO"	103
"4839"	"Q"	"IVOO"	100
"4851"	"B"	"IVV"	700
"4852"	"D"	"IVV"	9640
"4853"	"J"	"IVV"	200
"4854"	"K"	"IVV"	3401
"4855"	"P"	"IVV"	5613
"4856"	"Q"	"IVV"	2100
"4857"	"W"	"IVV"	200
"4858"	"X"	"IVV"	600
"4859"	"Y"	"IVV"	7737
"4860"	"Z"	"IVV"	10206
"4876"	"D"	"IVW"	8090
"4877"	"J"	"IVW"	100
"4878"	"K"	"IVW"	100
"4879"	"P"	"IVW"	234
"4880"	"Q"	"IVW"	1800
"4881"	"Y"	"IVW"	100
"4882"	"Z"	"IVW"	200
"4897"	"B"	"IWB"	1117
"4898"	"D"	"IWB"	2937
"4899"	"J"	"IWB"	800
"4900"	"K"	"IWB"	1065
"4901"	"P"	"IWB"	994
"4902"	"Q"	"IWB"	2733
"4903"	"X"	"IWB"	300
"4904"	"Y"	"IWB"	500
"4905"	"Z"	"IWB"	950
"4918"	"D"	"IWC"	345
"4931"	"B"	"IWD"	1703
"4932"	"D"	"IWD"	13826
"4933"	"J"	"IWD"	6769
"4934"	"K"	"IWD"	4704
"4935"	"P"	"IWD"	19753
"4936"	"Q"	"IWD"	8604
"4937"	"X"	"IWD"	600
"4938"	"Y"	"IWD"	1363
"4939"	"Z"	"IWD"	10371
"4959"	"B"	"IWF"	1628
"4960"	"C"	"IWF"	300
"4961"	"D"	"IWF"	41294
"4962"	"J"	"IWF"	1137
"4963"	"K"	"IWF"	1798
"4964"	"P"	"IWF"	11387
"4965"	"Q"	"IWF"	8803
"4966"	"W"	"IWF"	100
"4967"	"X"	"IWF"	400
"4968"	"Y"	"IWF"	1100
"4969"	"Z"	"IWF"	8052
"4981"	"D"	"IWL"	135
"4987"	"B"	"IWN"	6164
"4988"	"C"	"IWN"	100
"4989"	"D"	"IWN"	34639
"4990"	"J"	"IWN"	6553
"4991"	"K"	"IWN"	2014
"4992"	"P"	"IWN"	25447
"4993"	"Q"	"IWN"	8562
"4994"	"Y"	"IWN"	2421
"4995"	"Z"	"IWN"	8447
"5010"	"B"	"IWO"	200
"5011"	"D"	"IWO"	9992
"5012"	"K"	"IWO"	2202
"5013"	"P"	"IWO"	1200
"5014"	"Q"	"IWO"	10480
"5015"	"X"	"IWO"	400
"5016"	"Y"	"IWO"	100
"5017"	"Z"	"IWO"	1900
"5030"	"D"	"IWP"	1700
"5031"	"J"	"IWP"	479
"5032"	"K"	"IWP"	883
"5033"	"P"	"IWP"	653
"5034"	"Q"	"IWP"	1225
"5035"	"X"	"IWP"	200
"5036"	"Z"	"IWP"	2939
"5045"	"B"	"IWR"	300
"5046"	"D"	"IWR"	888
"5047"	"J"	"IWR"	100
"5048"	"P"	"IWR"	215
"5049"	"Z"	"IWR"	300
"5062"	"B"	"IWS"	400
"5063"	"D"	"IWS"	5805
"5064"	"J"	"IWS"	2772
"5065"	"K"	"IWS"	1100
"5066"	"P"	"IWS"	13220
"5067"	"Q"	"IWS"	12908
"5068"	"W"	"IWS"	590
"5069"	"X"	"IWS"	200
"5070"	"Y"	"IWS"	800
"5071"	"Z"	"IWS"	4942
"5086"	"B"	"IWV"	169
"5087"	"D"	"IWV"	2314
"5088"	"J"	"IWV"	851
"5089"	"P"	"IWV"	1500
"5090"	"Q"	"IWV"	500
"5091"	"Y"	"IWV"	154
"5092"	"Z"	"IWV"	100
"5101"	"P"	"IWW"	226
"5115"	"D"	"IWZ"	145
"5125"	"B"	"IXC"	100
"5126"	"D"	"IXC"	3216
"5127"	"P"	"IXC"	260
"5128"	"Q"	"IXC"	500
"5129"	"Y"	"IXC"	100
"5130"	"Z"	"IXC"	600
"5141"	"D"	"IXG"	300
"5153"	"D"	"IXJ"	555
"5154"	"K"	"IXJ"	300
"5155"	"P"	"IXJ"	100
"5156"	"Z"	"IXJ"	100
"5169"	"D"	"IXN"	466
"5170"	"P"	"IXN"	1000
"5171"	"Q"	"IXN"	300
"5177"	"D"	"IXP"	160
"5184"	"D"	"IXUS"	1002
"5188"	"D"	"IYC"	500
"5197"	"D"	"IYE"	19434
"5198"	"J"	"IYE"	5796
"5199"	"K"	"IYE"	5900
"5200"	"P"	"IYE"	29826
"5201"	"Q"	"IYE"	6600
"5202"	"Y"	"IYE"	2483
"5203"	"Z"	"IYE"	7295
"5219"	"B"	"IYF"	300
"5220"	"D"	"IYF"	17326
"5221"	"J"	"IYF"	750
"5222"	"K"	"IYF"	1100
"5223"	"P"	"IYF"	21364
"5224"	"Q"	"IYF"	16900
"5225"	"W"	"IYF"	100
"5226"	"X"	"IYF"	400
"5227"	"Y"	"IYF"	1100
"5228"	"Z"	"IYF"	12600
"5235"	"D"	"IYG"	400
"5244"	"D"	"IYH"	5614
"5245"	"J"	"IYH"	470
"5246"	"K"	"IYH"	161
"5247"	"P"	"IYH"	600
"5248"	"Z"	"IYH"	270
"5256"	"D"	"IYJ"	149
"5257"	"P"	"IYJ"	1390
"5258"	"Z"	"IYJ"	400
"5271"	"D"	"IYK"	844
"5272"	"P"	"IYK"	100
"5273"	"Q"	"IYK"	414
"5283"	"B"	"IYM"	2584
"5284"	"D"	"IYM"	6187
"5285"	"J"	"IYM"	500
"5286"	"P"	"IYM"	13946
"5287"	"Q"	"IYM"	2532
"5288"	"X"	"IYM"	200
"5289"	"Y"	"IYM"	100
"5290"	"Z"	"IYM"	491
"5309"	"B"	"IYR"	10773
"5310"	"C"	"IYR"	100
"5311"	"D"	"IYR"	108345
"5312"	"J"	"IYR"	25830
"5313"	"K"	"IYR"	21083
"5314"	"P"	"IYR"	60082
"5315"	"Q"	"IYR"	18834
"5316"	"X"	"IYR"	1700
"5317"	"Y"	"IYR"	9043
"5318"	"Z"	"IYR"	30252
"5337"	"D"	"IYT"	3265
"5338"	"J"	"IYT"	500
"5339"	"P"	"IYT"	1317
"5340"	"Q"	"IYT"	900
"5341"	"Y"	"IYT"	500
"5342"	"Z"	"IYT"	1000
"5354"	"B"	"IYW"	100
"5355"	"D"	"IYW"	2650
"5356"	"J"	"IYW"	839
"5357"	"P"	"IYW"	3628
"5358"	"Q"	"IYW"	100
"5359"	"Y"	"IYW"	100
"5360"	"Z"	"IYW"	300
"5369"	"D"	"IYY"	200
"5376"	"B"	"IYZ"	800
"5377"	"D"	"IYZ"	9436
"5378"	"J"	"IYZ"	5845
"5379"	"K"	"IYZ"	5300
"5380"	"P"	"IYZ"	11100
"5381"	"Q"	"IYZ"	4600
"5382"	"W"	"IYZ"	200
"5383"	"Y"	"IYZ"	4200
"5384"	"Z"	"IYZ"	16917
"5395"	"D"	"JGBD"	700
"5404"	"D"	"JJA"	100
"5409"	"B"	"JJC"	244
"5410"	"D"	"JJC"	1000
"5411"	"J"	"JJC"	100
"5412"	"P"	"JJC"	1100
"5413"	"Q"	"JJC"	100
"5414"	"Z"	"JJC"	400
"5425"	"D"	"JJG"	500
"5426"	"X"	"JJG"	200
"5449"	"D"	"JKE"	251
"5455"	"D"	"JKF"	300
"5468"	"D"	"JKL"	100
"5480"	"B"	"JNK"	13748
"5481"	"D"	"JNK"	86224
"5482"	"J"	"JNK"	11166
"5483"	"K"	"JNK"	9733
"5484"	"P"	"JNK"	41799
"5485"	"Q"	"JNK"	11713
"5486"	"X"	"JNK"	600
"5487"	"Y"	"JNK"	4742
"5488"	"Z"	"JNK"	16875
"5501"	"D"	"JO"	525
"5510"	"P"	"JPP"	100
"5519"	"D"	"JXI"	1527
"5533"	"B"	"KBE"	10938
"5534"	"D"	"KBE"	104063
"5535"	"J"	"KBE"	21330
"5536"	"K"	"KBE"	4366
"5537"	"P"	"KBE"	15630
"5538"	"Q"	"KBE"	24224
"5539"	"W"	"KBE"	1601
"5540"	"X"	"KBE"	200
"5541"	"Y"	"KBE"	13378
"5542"	"Z"	"KBE"	29905
"5558"	"D"	"KBWD"	1532
"5559"	"K"	"KBWD"	300
"5560"	"P"	"KBWD"	600
"5561"	"Q"	"KBWD"	382
"5562"	"Z"	"KBWD"	600
"5578"	"D"	"KBWY"	100
"5583"	"D"	"KCE"	100
"5588"	"D"	"KIE"	3400
"5589"	"K"	"KIE"	320
"5590"	"P"	"KIE"	200
"5591"	"Q"	"KIE"	2900
"5601"	"D"	"KLD"	500
"5613"	"D"	"KOL"	722
"5614"	"J"	"KOL"	100
"5615"	"K"	"KOL"	300
"5616"	"P"	"KOL"	15578
"5617"	"Q"	"KOL"	1312
"5618"	"Y"	"KOL"	100
"5619"	"Z"	"KOL"	500
"5627"	"D"	"KOLD"	4266
"5628"	"J"	"KOLD"	400
"5629"	"P"	"KOLD"	7900
"5630"	"Q"	"KOLD"	3300
"5642"	"B"	"KRE"	3040
"5643"	"C"	"KRE"	100
"5644"	"D"	"KRE"	7615
"5645"	"J"	"KRE"	4110
"5646"	"K"	"KRE"	1400
"5647"	"P"	"KRE"	3900
"5648"	"Q"	"KRE"	2832
"5649"	"X"	"KRE"	300
"5650"	"Y"	"KRE"	1572
"5651"	"Z"	"KRE"	18100
"5669"	"D"	"KXI"	100
"5670"	"P"	"KXI"	200
"5675"	"J"	"LAG"	252
"5685"	"D"	"LBND"	100
"5689"	"D"	"LEMB"	100
"5690"	"J"	"LEMB"	200
"5702"	"P"	"LIT"	100
"5710"	"B"	"LQD"	700
"5711"	"D"	"LQD"	16308
"5712"	"J"	"LQD"	400
"5713"	"K"	"LQD"	200
"5714"	"P"	"LQD"	2785
"5715"	"Q"	"LQD"	1000
"5716"	"X"	"LQD"	100
"5717"	"Y"	"LQD"	745
"5718"	"Z"	"LQD"	1200
"5736"	"P"	"LVL"	100
"5747"	"D"	"LWC"	400
"5748"	"P"	"LWC"	600
"5762"	"D"	"MBB"	3640
"5763"	"J"	"MBB"	100
"5764"	"P"	"MBB"	1800
"5765"	"Y"	"MBB"	100
"5766"	"Z"	"MBB"	600
"5777"	"P"	"MBG"	200
"5787"	"B"	"MCHI"	450
"5788"	"D"	"MCHI"	961
"5789"	"P"	"MCHI"	300
"5790"	"Q"	"MCHI"	300
"5791"	"Z"	"MCHI"	700
"5812"	"B"	"MDY"	800
"5813"	"C"	"MDY"	200
"5814"	"D"	"MDY"	14300
"5815"	"J"	"MDY"	700
"5816"	"K"	"MDY"	4902
"5817"	"P"	"MDY"	13174
"5818"	"Q"	"MDY"	8290
"5819"	"X"	"MDY"	300
"5820"	"Y"	"MDY"	1300
"5821"	"Z"	"MDY"	20000
"5842"	"P"	"MGC"	100
"5849"	"D"	"MGK"	412
"5850"	"Q"	"MGK"	100
"5857"	"P"	"MGV"	200
"5858"	"Z"	"MGV"	1436
"5869"	"B"	"MIDU"	300
"5870"	"C"	"MIDU"	100
"5871"	"D"	"MIDU"	865
"5872"	"K"	"MIDU"	400
"5873"	"P"	"MIDU"	300
"5874"	"Q"	"MIDU"	1400
"5875"	"X"	"MIDU"	900
"5876"	"Z"	"MIDU"	300
"5884"	"D"	"MIDZ"	100
"5891"	"D"	"MINC"	500
"5895"	"D"	"MINT"	2635
"5909"	"Z"	"MLPA"	200
"5917"	"D"	"MLPG"	300
"5918"	"P"	"MLPG"	266
"5927"	"D"	"MLPI"	3387
"5928"	"P"	"MLPI"	1400
"5929"	"Q"	"MLPI"	1000
"5939"	"D"	"MLPL"	200
"5940"	"K"	"MLPL"	100
"5941"	"P"	"MLPL"	150
"5950"	"B"	"MLPN"	683
"5951"	"D"	"MLPN"	100
"5952"	"J"	"MLPN"	2000
"5953"	"Y"	"MLPN"	1000
"5969"	"D"	"MOAT"	1542
"5970"	"P"	"MOAT"	100
"5978"	"D"	"MONY"	100
"5987"	"B"	"MOO"	1498
"5988"	"D"	"MOO"	7099
"5989"	"J"	"MOO"	100
"5990"	"K"	"MOO"	1600
"5991"	"P"	"MOO"	1824
"5992"	"Q"	"MOO"	500
"5993"	"W"	"MOO"	500
"5994"	"Y"	"MOO"	900
"5995"	"Z"	"MOO"	1500
"6006"	"J"	"MORL"	168
"6014"	"D"	"MORT"	200
"6015"	"J"	"MORT"	140
"6016"	"P"	"MORT"	400
"6042"	"K"	"MUAG"	400
"6049"	"B"	"MUB"	100
"6050"	"D"	"MUB"	1842
"6051"	"P"	"MUB"	200
"6052"	"Y"	"MUB"	2358
"6053"	"Z"	"MUB"	600
"6064"	"J"	"MUNI"	200
"6069"	"D"	"MVV"	950
"6070"	"J"	"MVV"	100
"6071"	"Z"	"MVV"	100
"6078"	"D"	"MXI"	1412
"6079"	"P"	"MXI"	900
"6080"	"Q"	"MXI"	448
"6081"	"Z"	"MXI"	500
"6087"	"P"	"MYP"	1245
"6096"	"D"	"MZZ"	300
"6097"	"Q"	"MZZ"	100
"6102"	"K"	"NFO"	200
"6116"	"B"	"NKY"	300
"6117"	"D"	"NKY"	21505
"6118"	"J"	"NKY"	100
"6119"	"K"	"NKY"	1300
"6120"	"P"	"NKY"	104270
"6121"	"Q"	"NKY"	47890
"6122"	"Y"	"NKY"	100
"6123"	"Z"	"NKY"	16500
"6131"	"D"	"NLR"	100
"6132"	"P"	"NLR"	100
"6151"	"B"	"NUGT"	19250
"6152"	"C"	"NUGT"	800
"6153"	"D"	"NUGT"	357423
"6154"	"J"	"NUGT"	26388
"6155"	"K"	"NUGT"	53480
"6156"	"P"	"NUGT"	22451
"6157"	"Q"	"NUGT"	41439
"6158"	"X"	"NUGT"	1100
"6159"	"Y"	"NUGT"	29584
"6160"	"Z"	"NUGT"	33989
"6173"	"P"	"NYC"	275
"6177"	"P"	"NYF"	600
"6186"	"B"	"OEF"	200
"6187"	"D"	"OEF"	6658
"6188"	"J"	"OEF"	200
"6189"	"K"	"OEF"	600
"6190"	"P"	"OEF"	700
"6191"	"Q"	"OEF"	4433
"6192"	"X"	"OEF"	200
"6193"	"Z"	"OEF"	2736
"6215"	"B"	"OIH"	13148
"6216"	"C"	"OIH"	200
"6217"	"D"	"OIH"	252786
"6218"	"J"	"OIH"	21446
"6219"	"K"	"OIH"	25695
"6220"	"P"	"OIH"	80613
"6221"	"Q"	"OIH"	25955
"6222"	"X"	"OIH"	3100
"6223"	"Y"	"OIH"	16214
"6224"	"Z"	"OIH"	38521
"6240"	"B"	"OIL"	2900
"6241"	"D"	"OIL"	6900
"6242"	"J"	"OIL"	5197
"6243"	"K"	"OIL"	300
"6244"	"P"	"OIL"	8393
"6245"	"Q"	"OIL"	2006
"6246"	"Y"	"OIL"	5085
"6247"	"Z"	"OIL"	400
"6271"	"D"	"PALL"	2064
"6272"	"J"	"PALL"	100
"6273"	"P"	"PALL"	100
"6274"	"Q"	"PALL"	300
"6283"	"P"	"PBD"	100
"6289"	"D"	"PBE"	864
"6297"	"D"	"PBJ"	600
"6305"	"D"	"PBP"	5554
"6306"	"K"	"PBP"	500
"6307"	"P"	"PBP"	5000
"6308"	"Q"	"PBP"	300
"6309"	"Z"	"PBP"	100
"6319"	"D"	"PBS"	900
"6320"	"K"	"PBS"	100
"6334"	"B"	"PBW"	1209
"6335"	"D"	"PBW"	3450
"6336"	"J"	"PBW"	19500
"6337"	"K"	"PBW"	935
"6338"	"P"	"PBW"	212
"6339"	"Q"	"PBW"	607
"6340"	"W"	"PBW"	200
"6341"	"X"	"PBW"	200
"6342"	"Y"	"PBW"	600
"6343"	"Z"	"PBW"	6349
"6354"	"D"	"PCEF"	1100
"6355"	"P"	"PCEF"	3918
"6368"	"B"	"PCY"	100
"6369"	"D"	"PCY"	61716
"6370"	"J"	"PCY"	300
"6371"	"P"	"PCY"	600
"6372"	"Q"	"PCY"	387
"6373"	"W"	"PCY"	100
"6374"	"Y"	"PCY"	300
"6375"	"Z"	"PCY"	1700
"6391"	"B"	"PDP"	200
"6392"	"D"	"PDP"	4454
"6393"	"J"	"PDP"	837
"6394"	"P"	"PDP"	200
"6395"	"Q"	"PDP"	1129
"6407"	"D"	"PEJ"	382
"6412"	"K"	"PEK"	550
"6419"	"D"	"PERM"	841
"6423"	"B"	"PEY"	400
"6424"	"D"	"PEY"	1529
"6425"	"J"	"PEY"	100
"6433"	"D"	"PEZ"	100
"6443"	"B"	"PFF"	2412
"6444"	"D"	"PFF"	38141
"6445"	"J"	"PFF"	11804
"6446"	"K"	"PFF"	200
"6447"	"P"	"PFF"	446
"6448"	"Q"	"PFF"	500
"6449"	"W"	"PFF"	637
"6450"	"Y"	"PFF"	1658
"6451"	"Z"	"PFF"	1951
"6466"	"D"	"PFIG"	1000
"6467"	"Z"	"PFIG"	100
"6476"	"D"	"PFM"	475
"6477"	"Q"	"PFM"	3510
"6483"	"D"	"PFXF"	4745
"6484"	"K"	"PFXF"	100
"6485"	"Z"	"PFXF"	1608
"6493"	"B"	"PGF"	4400
"6494"	"D"	"PGF"	5969
"6495"	"J"	"PGF"	4700
"6496"	"P"	"PGF"	1643
"6497"	"Y"	"PGF"	4094
"6512"	"D"	"PGJ"	300
"6513"	"J"	"PGJ"	200
"6514"	"P"	"PGJ"	400
"6515"	"Z"	"PGJ"	100
"6530"	"B"	"PGX"	3800
"6531"	"D"	"PGX"	109054
"6532"	"J"	"PGX"	20636
"6533"	"K"	"PGX"	6153
"6534"	"P"	"PGX"	8450
"6535"	"Y"	"PGX"	11056
"6536"	"Z"	"PGX"	10162
"6547"	"B"	"PHB"	1500
"6548"	"D"	"PHB"	7721
"6549"	"J"	"PHB"	2269
"6550"	"K"	"PHB"	1056
"6551"	"P"	"PHB"	1100
"6552"	"Q"	"PHB"	200
"6553"	"W"	"PHB"	300
"6554"	"Y"	"PHB"	3737
"6555"	"Z"	"PHB"	1138
"6565"	"D"	"PHDG"	100
"6571"	"D"	"PHO"	1750
"6572"	"J"	"PHO"	2000
"6573"	"P"	"PHO"	100
"6574"	"Q"	"PHO"	400
"6575"	"Z"	"PHO"	1522
"6588"	"B"	"PHYS"	500
"6589"	"C"	"PHYS"	100
"6590"	"D"	"PHYS"	27740
"6591"	"J"	"PHYS"	100
"6592"	"K"	"PHYS"	100
"6593"	"P"	"PHYS"	400
"6594"	"Q"	"PHYS"	100
"6595"	"Y"	"PHYS"	5723
"6596"	"Z"	"PHYS"	300
"6606"	"D"	"PICB"	3400
"6607"	"P"	"PICB"	100
"6608"	"Q"	"PICB"	2459
"6618"	"D"	"PICK"	400
"6619"	"P"	"PICK"	100
"6627"	"D"	"PID"	4793
"6628"	"J"	"PID"	1597
"6629"	"K"	"PID"	800
"6630"	"P"	"PID"	1200
"6631"	"Q"	"PID"	600
"6632"	"Z"	"PID"	1491
"6645"	"D"	"PIE"	1905
"6646"	"P"	"PIE"	100
"6647"	"Q"	"PIE"	400
"6648"	"Z"	"PIE"	467
"6657"	"B"	"PIN"	900
"6658"	"D"	"PIN"	2900
"6659"	"J"	"PIN"	1700
"6660"	"P"	"PIN"	19499
"6661"	"Q"	"PIN"	2533
"6662"	"W"	"PIN"	100
"6663"	"Y"	"PIN"	1600
"6664"	"Z"	"PIN"	1461
"6680"	"D"	"PIO"	317
"6698"	"D"	"PJP"	747
"6699"	"J"	"PJP"	3688
"6700"	"K"	"PJP"	1400
"6701"	"P"	"PJP"	988
"6702"	"Q"	"PJP"	307
"6703"	"Y"	"PJP"	200
"6704"	"Z"	"PJP"	300
"6712"	"D"	"PKB"	800
"6721"	"D"	"PKW"	8253
"6741"	"D"	"PPA"	100
"6742"	"P"	"PPA"	100
"6749"	"B"	"PPH"	1100
"6750"	"D"	"PPH"	100
"6751"	"P"	"PPH"	336
"6760"	"D"	"PPLT"	1174
"6761"	"Z"	"PPLT"	281
"6771"	"P"	"PRB"	100
"6776"	"P"	"PRF"	100
"6777"	"Z"	"PRF"	649
"6790"	"D"	"PRN"	1000
"6794"	"D"	"PSI"	100
"6799"	"D"	"PSK"	1000
"6800"	"J"	"PSK"	3465
"6817"	"B"	"PSLV"	504
"6818"	"D"	"PSLV"	32616
"6819"	"J"	"PSLV"	800
"6820"	"K"	"PSLV"	600
"6821"	"P"	"PSLV"	10749
"6822"	"Q"	"PSLV"	10139
"6823"	"Y"	"PSLV"	700
"6824"	"Z"	"PSLV"	15116
"6836"	"D"	"PSP"	1902
"6837"	"P"	"PSP"	500
"6838"	"Q"	"PSP"	400
"6839"	"Z"	"PSP"	100
"6857"	"B"	"PSQ"	100
"6858"	"D"	"PSQ"	4419
"6859"	"J"	"PSQ"	1334
"6860"	"P"	"PSQ"	785
"6861"	"Q"	"PSQ"	800
"6862"	"Y"	"PSQ"	200
"6863"	"Z"	"PSQ"	1487
"6874"	"D"	"PST"	1405
"6875"	"J"	"PST"	465
"6876"	"K"	"PST"	1121
"6877"	"P"	"PST"	400
"6878"	"Q"	"PST"	125
"6879"	"Z"	"PST"	264
"6891"	"D"	"PTM"	1372
"6892"	"K"	"PTM"	100
"6902"	"B"	"PVI"	2412
"6903"	"D"	"PVI"	8225
"6904"	"K"	"PVI"	3000
"6911"	"D"	"PWB"	10263
"6912"	"K"	"PWB"	690
"6913"	"P"	"PWB"	400
"6918"	"Z"	"PWC"	249
"6924"	"D"	"PWV"	300
"6925"	"P"	"PWV"	700
"6926"	"Z"	"PWV"	800
"6933"	"D"	"PWZ"	5382
"6934"	"K"	"PWZ"	400
"6935"	"P"	"PWZ"	200
"6942"	"K"	"PXF"	100
"6952"	"B"	"PXH"	100
"6953"	"D"	"PXH"	4036
"6954"	"J"	"PXH"	1376
"6955"	"P"	"PXH"	200
"6956"	"Q"	"PXH"	100
"6957"	"Y"	"PXH"	100
"6958"	"Z"	"PXH"	100
"6968"	"D"	"PXI"	2599
"6969"	"P"	"PXI"	847
"6979"	"D"	"PXJ"	905
"6985"	"Q"	"PXLG"	100
"6990"	"B"	"PXLV"	300
"6994"	"D"	"PXMG"	111
"6997"	"D"	"PXMV"	100
"6998"	"P"	"PXMV"	100
"7006"	"D"	"PXN"	4110
"7007"	"J"	"PXN"	2168
"7008"	"P"	"PXN"	200
"7009"	"Q"	"PXN"	400
"7017"	"P"	"PXR"	100
"7021"	"D"	"PXSG"	111
"7026"	"D"	"PXSV"	350
"7027"	"K"	"PXSV"	100
"7037"	"B"	"PZA"	1495
"7038"	"D"	"PZA"	1234
"7039"	"J"	"PZA"	300
"7040"	"P"	"PZA"	5460
"7041"	"Q"	"PZA"	1139
"7042"	"Y"	"PZA"	200
"7043"	"Z"	"PZA"	100
"7055"	"D"	"PZI"	582
"7059"	"D"	"PZT"	100
"7062"	"D"	"QAI"	177
"7063"	"J"	"QAI"	1063
"7072"	"Z"	"QDF"	500
"7075"	"D"	"QEH"	753
"7085"	"B"	"QID"	3959
"7086"	"D"	"QID"	89827
"7087"	"J"	"QID"	18264
"7088"	"K"	"QID"	14594
"7089"	"P"	"QID"	14750
"7090"	"Q"	"QID"	19459
"7091"	"X"	"QID"	600
"7092"	"Y"	"QID"	10479
"7093"	"Z"	"QID"	36182
"7112"	"B"	"QLD"	6423
"7113"	"D"	"QLD"	18300
"7114"	"J"	"QLD"	3500
"7115"	"K"	"QLD"	15000
"7116"	"P"	"QLD"	8720
"7117"	"Q"	"QLD"	12600
"7118"	"W"	"QLD"	200
"7119"	"X"	"QLD"	400
"7120"	"Y"	"QLD"	7500
"7121"	"Z"	"QLD"	38841
"7137"	"P"	"RALS"	490
"7143"	"P"	"RBL"	2000
"7152"	"D"	"REK"	150
"7161"	"B"	"REM"	575
"7162"	"D"	"REM"	16130
"7163"	"J"	"REM"	3095
"7164"	"K"	"REM"	500
"7165"	"P"	"REM"	3970
"7166"	"Q"	"REM"	2000
"7167"	"Y"	"REM"	6200
"7168"	"Z"	"REM"	5091
"7180"	"D"	"REMX"	2900
"7181"	"Q"	"REMX"	100
"7194"	"D"	"REZ"	300
"7201"	"P"	"RFG"	100
"7205"	"P"	"RFV"	1000
"7206"	"Q"	"RFV"	166
"7214"	"D"	"RHS"	100
"7218"	"D"	"RING"	1478
"7219"	"J"	"RING"	100
"7220"	"K"	"RING"	100
"7221"	"P"	"RING"	1800
"7232"	"D"	"RJA"	1447
"7233"	"J"	"RJA"	15053
"7234"	"Q"	"RJA"	400
"7235"	"Y"	"RJA"	4400
"7236"	"Z"	"RJA"	100
"7249"	"B"	"RJI"	200
"7250"	"D"	"RJI"	1474
"7251"	"J"	"RJI"	15017
"7252"	"Y"	"RJI"	900
"7263"	"D"	"RJN"	100
"7264"	"J"	"RJN"	10300
"7267"	"J"	"RJZ"	600
"7268"	"Z"	"RJZ"	470
"7275"	"B"	"RKH"	100
"7279"	"D"	"RLY"	712
"7286"	"D"	"ROM"	100
"7291"	"P"	"ROOF"	300
"7297"	"D"	"RPG"	2410
"7298"	"P"	"RPG"	500
"7299"	"Z"	"RPG"	500
"7303"	"D"	"RPV"	1600
"7304"	"P"	"RPV"	1700
"7305"	"Z"	"RPV"	400
"7317"	"B"	"RSP"	100
"7318"	"D"	"RSP"	12691
"7319"	"J"	"RSP"	500
"7320"	"K"	"RSP"	600
"7321"	"P"	"RSP"	900
"7322"	"Q"	"RSP"	1800
"7323"	"W"	"RSP"	200
"7324"	"Y"	"RSP"	100
"7325"	"Z"	"RSP"	1714
"7345"	"B"	"RSX"	7231
"7346"	"D"	"RSX"	59792
"7347"	"J"	"RSX"	9052
"7348"	"K"	"RSX"	8009
"7349"	"P"	"RSX"	60066
"7350"	"Q"	"RSX"	14272
"7351"	"X"	"RSX"	400
"7352"	"Y"	"RSX"	4617
"7353"	"Z"	"RSX"	14970
"7371"	"B"	"RTH"	100
"7372"	"D"	"RTH"	4700
"7373"	"Y"	"RTH"	800
"7374"	"Z"	"RTH"	100
"7384"	"D"	"RUSL"	135
"7385"	"P"	"RUSL"	100
"7386"	"Z"	"RUSL"	100
"7398"	"P"	"RUSS"	300
"7410"	"K"	"RWL"	300
"7422"	"B"	"RWM"	1976
"7423"	"D"	"RWM"	21906
"7424"	"K"	"RWM"	200
"7425"	"P"	"RWM"	500
"7426"	"Q"	"RWM"	2500
"7427"	"Y"	"RWM"	378
"7428"	"Z"	"RWM"	1500
"7442"	"D"	"RWO"	720
"7443"	"P"	"RWO"	100
"7444"	"Q"	"RWO"	663
"7445"	"Z"	"RWO"	100
"7459"	"D"	"RWR"	3320
"7460"	"J"	"RWR"	400
"7461"	"P"	"RWR"	8657
"7462"	"Q"	"RWR"	100
"7463"	"Y"	"RWR"	200
"7464"	"Z"	"RWR"	500
"7482"	"B"	"RWX"	2700
"7483"	"D"	"RWX"	23886
"7484"	"J"	"RWX"	1200
"7485"	"K"	"RWX"	1300
"7486"	"P"	"RWX"	6245
"7487"	"Q"	"RWX"	7989
"7488"	"X"	"RWX"	100
"7489"	"Y"	"RWX"	2975
"7490"	"Z"	"RWX"	2100
"7505"	"D"	"RXL"	200
"7506"	"J"	"RXL"	150
"7507"	"Z"	"RXL"	200
"7515"	"D"	"RYF"	152
"7517"	"D"	"RYH"	170
"7520"	"D"	"RYJ"	100
"7524"	"D"	"RYT"	133
"7534"	"D"	"RZV"	200
"7545"	"D"	"SBB"	700
"7546"	"P"	"SBB"	200
"7556"	"D"	"SBND"	700
"7557"	"J"	"SBND"	100
"7566"	"D"	"SCHA"	1971
"7567"	"Z"	"SCHA"	100
"7576"	"D"	"SCHB"	4700
"7577"	"K"	"SCHB"	131
"7578"	"P"	"SCHB"	1000
"7579"	"Z"	"SCHB"	100
"7593"	"D"	"SCHD"	5045
"7594"	"J"	"SCHD"	200
"7595"	"K"	"SCHD"	600
"7596"	"P"	"SCHD"	4200
"7597"	"Q"	"SCHD"	700
"7598"	"Z"	"SCHD"	700
"7606"	"D"	"SCHE"	3448
"7607"	"P"	"SCHE"	200
"7608"	"Q"	"SCHE"	400
"7609"	"Z"	"SCHE"	200
"7619"	"D"	"SCHF"	1529
"7620"	"K"	"SCHF"	387
"7621"	"P"	"SCHF"	3900
"7622"	"Q"	"SCHF"	387
"7623"	"Z"	"SCHF"	387
"7631"	"D"	"SCHG"	1236
"7632"	"P"	"SCHG"	2903
"7633"	"Z"	"SCHG"	471
"7644"	"D"	"SCHH"	1818
"7645"	"K"	"SCHH"	100
"7646"	"P"	"SCHH"	2901
"7647"	"Q"	"SCHH"	3855
"7648"	"Z"	"SCHH"	444
"7658"	"D"	"SCHM"	806
"7659"	"J"	"SCHM"	350
"7660"	"K"	"SCHM"	100
"7661"	"P"	"SCHM"	100
"7669"	"K"	"SCHO"	400
"7675"	"D"	"SCHP"	100
"7676"	"P"	"SCHP"	200
"7682"	"D"	"SCHR"	607
"7691"	"D"	"SCHV"	1484
"7692"	"Q"	"SCHV"	100
"7693"	"Z"	"SCHV"	812
"7702"	"D"	"SCHX"	3568
"7703"	"Q"	"SCHX"	100
"7704"	"Z"	"SCHX"	939
"7713"	"D"	"SCHZ"	524
"7714"	"P"	"SCHZ"	236
"7720"	"D"	"SCIF"	4015
"7742"	"B"	"SCO"	200
"7743"	"D"	"SCO"	13411
"7744"	"K"	"SCO"	300
"7745"	"P"	"SCO"	3100
"7746"	"Q"	"SCO"	7192
"7747"	"Y"	"SCO"	300
"7748"	"Z"	"SCO"	1700
"7763"	"B"	"SCPB"	200
"7764"	"D"	"SCPB"	6882
"7765"	"J"	"SCPB"	400
"7766"	"K"	"SCPB"	4900
"7767"	"P"	"SCPB"	200
"7768"	"Z"	"SCPB"	200
"7778"	"B"	"SCZ"	100
"7779"	"D"	"SCZ"	2175
"7780"	"P"	"SCZ"	3504
"7781"	"Q"	"SCZ"	1333
"7782"	"Y"	"SCZ"	100
"7783"	"Z"	"SCZ"	173
"7800"	"D"	"SDIV"	16400
"7801"	"P"	"SDIV"	5547
"7812"	"D"	"SDOG"	200
"7813"	"Q"	"SDOG"	1075
"7814"	"Z"	"SDOG"	400
"7825"	"B"	"SDOW"	1100
"7826"	"D"	"SDOW"	5900
"7827"	"K"	"SDOW"	700
"7828"	"P"	"SDOW"	100
"7829"	"Q"	"SDOW"	900
"7830"	"Y"	"SDOW"	100
"7848"	"B"	"SDS"	8300
"7849"	"C"	"SDS"	2400
"7850"	"D"	"SDS"	114257
"7851"	"J"	"SDS"	8599
"7852"	"K"	"SDS"	17091
"7853"	"P"	"SDS"	51109
"7854"	"Q"	"SDS"	15828
"7855"	"X"	"SDS"	2000
"7856"	"Y"	"SDS"	4691
"7857"	"Z"	"SDS"	24037
"7877"	"B"	"SDY"	200
"7878"	"D"	"SDY"	21108
"7879"	"J"	"SDY"	214
"7880"	"K"	"SDY"	1590
"7881"	"P"	"SDY"	3300
"7882"	"Q"	"SDY"	3590
"7883"	"Y"	"SDY"	900
"7884"	"Z"	"SDY"	4761
"7897"	"D"	"SDYL"	100
"7898"	"Q"	"SDYL"	800
"7903"	"K"	"SEA"	400
"7909"	"B"	"SEF"	100
"7910"	"D"	"SEF"	700
"7911"	"Q"	"SEF"	100
"7920"	"K"	"SGG"	300
"7926"	"D"	"SGOL"	685
"7941"	"B"	"SH"	2200
"7942"	"D"	"SH"	60822
"7943"	"J"	"SH"	1735
"7944"	"P"	"SH"	1750
"7945"	"Q"	"SH"	1128
"7946"	"X"	"SH"	200
"7947"	"Y"	"SH"	100
"7948"	"Z"	"SH"	287
"7959"	"D"	"SHM"	1700
"7960"	"J"	"SHM"	100
"7972"	"B"	"SHV"	1699
"7973"	"D"	"SHV"	1222
"7974"	"Y"	"SHV"	100
"7986"	"B"	"SHY"	1556
"7987"	"D"	"SHY"	11616
"7988"	"J"	"SHY"	727
"7989"	"P"	"SHY"	1000
"7990"	"Y"	"SHY"	1284
"7991"	"Z"	"SHY"	4375
"8001"	"D"	"SIJ"	100
"8006"	"B"	"SIL"	100
"8007"	"D"	"SIL"	6460
"8008"	"K"	"SIL"	740
"8009"	"P"	"SIL"	2202
"8010"	"Q"	"SIL"	300
"8011"	"Z"	"SIL"	100
"8026"	"C"	"SIVR"	100
"8027"	"D"	"SIVR"	4474
"8028"	"P"	"SIVR"	2300
"8029"	"Q"	"SIVR"	4000
"8030"	"Z"	"SIVR"	5000
"8040"	"D"	"SJB"	125
"8048"	"D"	"SJNK"	2914
"8049"	"J"	"SJNK"	1083
"8050"	"P"	"SJNK"	1292
"8051"	"Y"	"SJNK"	2473
"8052"	"Z"	"SJNK"	300
"8068"	"B"	"SKF"	900
"8069"	"D"	"SKF"	10350
"8070"	"J"	"SKF"	100
"8071"	"K"	"SKF"	1261
"8072"	"P"	"SKF"	300
"8073"	"Q"	"SKF"	800
"8074"	"X"	"SKF"	1400
"8075"	"Z"	"SKF"	1409
"8086"	"D"	"SKK"	400
"8099"	"B"	"SLV"	22906
"8100"	"D"	"SLV"	288356
"8101"	"J"	"SLV"	24696
"8102"	"K"	"SLV"	19238
"8103"	"P"	"SLV"	41210
"8104"	"Q"	"SLV"	36871
"8105"	"X"	"SLV"	3400
"8106"	"Y"	"SLV"	10223
"8107"	"Z"	"SLV"	34074
"8125"	"D"	"SLX"	742
"8126"	"P"	"SLX"	200
"8134"	"D"	"SLY"	103
"8138"	"D"	"SLYG"	100
"8143"	"D"	"SMB"	270
"8144"	"K"	"SMB"	300
"8151"	"P"	"SMDD"	100
"8162"	"B"	"SMH"	1610
"8163"	"C"	"SMH"	200
"8164"	"D"	"SMH"	11300
"8165"	"J"	"SMH"	600
"8166"	"K"	"SMH"	6969
"8167"	"P"	"SMH"	24393
"8168"	"Q"	"SMH"	12504
"8169"	"X"	"SMH"	200
"8170"	"Y"	"SMH"	1257
"8171"	"Z"	"SMH"	16911
"8184"	"D"	"SMLV"	526
"8193"	"C"	"SMN"	100
"8194"	"D"	"SMN"	2300
"8195"	"K"	"SMN"	105
"8196"	"Q"	"SMN"	100
"8207"	"D"	"SNLN"	100
"8208"	"K"	"SNLN"	500
"8209"	"Q"	"SNLN"	1100
"8222"	"B"	"SOXL"	200
"8223"	"D"	"SOXL"	6471
"8224"	"J"	"SOXL"	100
"8225"	"K"	"SOXL"	100
"8226"	"P"	"SOXL"	1204
"8227"	"Q"	"SOXL"	645
"8228"	"Z"	"SOXL"	813
"8241"	"D"	"SOXS"	14954
"8242"	"J"	"SOXS"	700
"8243"	"K"	"SOXS"	600
"8244"	"P"	"SOXS"	733
"8245"	"Q"	"SOXS"	1100
"8246"	"Z"	"SOXS"	600
"8262"	"D"	"SPFF"	5066
"8270"	"J"	"SPHB"	105
"8277"	"D"	"SPHD"	500
"8282"	"D"	"SPHQ"	4590
"8295"	"B"	"SPLV"	3388
"8296"	"D"	"SPLV"	52124
"8297"	"J"	"SPLV"	5438
"8298"	"K"	"SPLV"	600
"8299"	"P"	"SPLV"	2128
"8300"	"Q"	"SPLV"	5008
"8301"	"Y"	"SPLV"	1089
"8302"	"Z"	"SPLV"	2485
"8313"	"D"	"SPPP"	1000
"8314"	"K"	"SPPP"	600
"8315"	"P"	"SPPP"	2000
"8316"	"Q"	"SPPP"	800
"8334"	"B"	"SPXL"	900
"8335"	"D"	"SPXL"	17499
"8336"	"J"	"SPXL"	750
"8337"	"K"	"SPXL"	2295
"8338"	"P"	"SPXL"	800
"8339"	"Q"	"SPXL"	4397
"8340"	"Y"	"SPXL"	2838
"8341"	"Z"	"SPXL"	9300
"8357"	"B"	"SPXS"	1005
"8358"	"D"	"SPXS"	19130
"8359"	"J"	"SPXS"	1005
"8360"	"P"	"SPXS"	5700
"8361"	"Q"	"SPXS"	17537
"8362"	"W"	"SPXS"	200
"8363"	"X"	"SPXS"	400
"8364"	"Y"	"SPXS"	4338
"8365"	"Z"	"SPXS"	2466
"8384"	"B"	"SPXU"	644
"8385"	"C"	"SPXU"	100
"8386"	"D"	"SPXU"	49730
"8387"	"J"	"SPXU"	4445
"8388"	"K"	"SPXU"	3065
"8389"	"P"	"SPXU"	8790
"8390"	"Q"	"SPXU"	8277
"8391"	"X"	"SPXU"	300
"8392"	"Y"	"SPXU"	1200
"8393"	"Z"	"SPXU"	7625
"8404"	"D"	"SPYG"	2100
"8405"	"Q"	"SPYG"	1000
"8415"	"D"	"SRLN"	303
"8416"	"J"	"SRLN"	982
"8417"	"K"	"SRLN"	400
"8418"	"P"	"SRLN"	1100
"8419"	"Z"	"SRLN"	129
"8426"	"B"	"SRS"	264
"8427"	"D"	"SRS"	600
"8428"	"J"	"SRS"	407
"8429"	"K"	"SRS"	368
"8430"	"Q"	"SRS"	765
"8431"	"Z"	"SRS"	500
"8445"	"D"	"SRTY"	9807
"8446"	"J"	"SRTY"	900
"8447"	"P"	"SRTY"	2809
"8448"	"Q"	"SRTY"	3200
"8449"	"X"	"SRTY"	300
"8450"	"Z"	"SRTY"	1776
"8465"	"D"	"SSG"	1524
"8466"	"Q"	"SSG"	700
"8467"	"Z"	"SSG"	190
"8480"	"B"	"SSO"	1900
"8481"	"D"	"SSO"	46996
"8482"	"J"	"SSO"	2700
"8483"	"K"	"SSO"	5600
"8484"	"P"	"SSO"	12912
"8485"	"Q"	"SSO"	9989
"8486"	"X"	"SSO"	200
"8487"	"Y"	"SSO"	900
"8488"	"Z"	"SSO"	13480
"8507"	"D"	"STPZ"	488
"8508"	"J"	"STPZ"	266
"8515"	"D"	"SUB"	706
"8529"	"B"	"SVXY"	200
"8530"	"D"	"SVXY"	10364
"8531"	"J"	"SVXY"	100
"8532"	"K"	"SVXY"	100
"8533"	"P"	"SVXY"	1900
"8534"	"Q"	"SVXY"	2726
"8535"	"Y"	"SVXY"	100
"8536"	"Z"	"SVXY"	2212
"8554"	"D"	"TAN"	15200
"8555"	"J"	"TAN"	100
"8556"	"P"	"TAN"	11600
"8557"	"Q"	"TAN"	1700
"8558"	"Y"	"TAN"	100
"8559"	"Z"	"TAN"	1396
"8574"	"D"	"TAO"	200
"8575"	"J"	"TAO"	100
"8576"	"P"	"TAO"	100
"8583"	"D"	"TBAR"	400
"8596"	"B"	"TBF"	600
"8597"	"D"	"TBF"	1275
"8598"	"K"	"TBF"	1581
"8599"	"P"	"TBF"	3481
"8600"	"Q"	"TBF"	1061
"8601"	"Y"	"TBF"	700
"8602"	"Z"	"TBF"	2844
"8620"	"B"	"TBT"	4196
"8621"	"D"	"TBT"	15155
"8622"	"J"	"TBT"	2672
"8623"	"K"	"TBT"	3512
"8624"	"P"	"TBT"	3899
"8625"	"Q"	"TBT"	4400
"8626"	"X"	"TBT"	100
"8627"	"Y"	"TBT"	1100
"8628"	"Z"	"TBT"	8221
"8647"	"D"	"TDTT"	300
"8656"	"D"	"TECL"	900
"8657"	"P"	"TECL"	100
"8658"	"Q"	"TECL"	100
"8659"	"Y"	"TECL"	100
"8660"	"Z"	"TECL"	300
"8671"	"B"	"TECS"	100
"8672"	"D"	"TECS"	921
"8673"	"K"	"TECS"	945
"8674"	"P"	"TECS"	200
"8675"	"Q"	"TECS"	444
"8676"	"Z"	"TECS"	428
"8683"	"B"	"TFI"	100
"8684"	"D"	"TFI"	2062
"8685"	"J"	"TFI"	200
"8686"	"P"	"TFI"	950
"8687"	"Q"	"TFI"	200
"8688"	"Y"	"TFI"	700
"8705"	"B"	"THD"	300
"8706"	"D"	"THD"	500
"8707"	"J"	"THD"	200
"8708"	"K"	"THD"	100
"8709"	"P"	"THD"	3400
"8710"	"Q"	"THD"	1718
"8711"	"Y"	"THD"	403
"8712"	"Z"	"THD"	100
"8727"	"B"	"TIP"	300
"8728"	"D"	"TIP"	11973
"8729"	"J"	"TIP"	100
"8730"	"K"	"TIP"	400
"8731"	"P"	"TIP"	8263
"8732"	"Q"	"TIP"	1585
"8733"	"Y"	"TIP"	1200
"8734"	"Z"	"TIP"	2271
"8754"	"D"	"TLO"	139
"8769"	"B"	"TLT"	6394
"8770"	"D"	"TLT"	50439
"8771"	"J"	"TLT"	4837
"8772"	"K"	"TLT"	9408
"8773"	"P"	"TLT"	56927
"8774"	"Q"	"TLT"	16913
"8775"	"W"	"TLT"	1200
"8776"	"Y"	"TLT"	3639
"8777"	"Z"	"TLT"	12703
"8788"	"P"	"TLTD"	1000
"8796"	"D"	"TMF"	200
"8811"	"D"	"TMV"	3460
"8812"	"J"	"TMV"	115
"8813"	"K"	"TMV"	200
"8814"	"Q"	"TMV"	8412
"8815"	"Z"	"TMV"	300
"8833"	"B"	"TNA"	200
"8834"	"D"	"TNA"	56130
"8835"	"J"	"TNA"	1000
"8836"	"K"	"TNA"	7413
"8837"	"M"	"TNA"	1000
"8838"	"P"	"TNA"	13874
"8839"	"Q"	"TNA"	6126
"8840"	"X"	"TNA"	900
"8841"	"Y"	"TNA"	4213
"8842"	"Z"	"TNA"	9789
"8856"	"P"	"TOK"	200
"8863"	"D"	"TRND"	250
"8864"	"P"	"TRND"	744
"8873"	"J"	"TTT"	822
"8874"	"K"	"TTT"	100
"8883"	"B"	"TUR"	100
"8884"	"D"	"TUR"	7800
"8885"	"K"	"TUR"	787
"8886"	"P"	"TUR"	2568
"8887"	"Q"	"TUR"	2200
"8888"	"Y"	"TUR"	854
"8889"	"Z"	"TUR"	1000
"8898"	"D"	"TUZ"	2800
"8899"	"Q"	"TUZ"	700
"8913"	"B"	"TVIX"	6617
"8914"	"D"	"TVIX"	135727
"8915"	"J"	"TVIX"	4265
"8916"	"K"	"TVIX"	6400
"8917"	"P"	"TVIX"	15482
"8918"	"Q"	"TVIX"	48117
"8919"	"W"	"TVIX"	100
"8920"	"X"	"TVIX"	600
"8921"	"Y"	"TVIX"	1400
"8922"	"Z"	"TVIX"	18474
"8945"	"D"	"TWM"	27162
"8946"	"J"	"TWM"	309
"8947"	"K"	"TWM"	1398
"8948"	"P"	"TWM"	6038
"8949"	"Q"	"TWM"	2223
"8950"	"W"	"TWM"	100
"8951"	"Y"	"TWM"	1100
"8952"	"Z"	"TWM"	12000
"8966"	"D"	"TYO"	1000
"8979"	"B"	"TZA"	2900
"8980"	"C"	"TZA"	1289
"8981"	"D"	"TZA"	255488
"8982"	"J"	"TZA"	4145
"8983"	"K"	"TZA"	26966
"8984"	"P"	"TZA"	27689
"8985"	"Q"	"TZA"	19099
"8986"	"X"	"TZA"	600
"8987"	"Y"	"TZA"	5017
"8988"	"Z"	"TZA"	17501
"9028"	"B"	"UCO"	3000
"9029"	"D"	"UCO"	27860
"9030"	"J"	"UCO"	4393
"9031"	"K"	"UCO"	4320
"9032"	"P"	"UCO"	10564
"9033"	"Q"	"UCO"	11617
"9034"	"X"	"UCO"	200
"9035"	"Y"	"UCO"	1579
"9036"	"Z"	"UCO"	29840
"9049"	"D"	"UDN"	1100
"9050"	"J"	"UDN"	3400
"9051"	"Q"	"UDN"	100
"9062"	"B"	"UDOW"	235
"9063"	"D"	"UDOW"	2464
"9064"	"P"	"UDOW"	100
"9065"	"Q"	"UDOW"	100
"9077"	"D"	"UGA"	100
"9078"	"Z"	"UGA"	100
"9089"	"D"	"UGAZ"	2447
"9090"	"K"	"UGAZ"	2700
"9091"	"P"	"UGAZ"	100
"9092"	"Q"	"UGAZ"	400
"9101"	"D"	"UGE"	100
"9108"	"B"	"UGL"	400
"9109"	"D"	"UGL"	5534
"9110"	"J"	"UGL"	200
"9111"	"K"	"UGL"	400
"9112"	"P"	"UGL"	2500
"9113"	"Q"	"UGL"	1900
"9114"	"Y"	"UGL"	400
"9115"	"Z"	"UGL"	500
"9126"	"D"	"UGLD"	4600
"9127"	"J"	"UGLD"	200
"9128"	"P"	"UGLD"	700
"9129"	"Q"	"UGLD"	300
"9130"	"Y"	"UGLD"	100
"9131"	"Z"	"UGLD"	700
"9146"	"D"	"UMDD"	400
"9147"	"J"	"UMDD"	100
"9148"	"K"	"UMDD"	100
"9149"	"P"	"UMDD"	500
"9162"	"B"	"UNG"	16700
"9163"	"D"	"UNG"	39661
"9164"	"J"	"UNG"	25079
"9165"	"K"	"UNG"	6000
"9166"	"P"	"UNG"	17700
"9167"	"Q"	"UNG"	36362
"9168"	"W"	"UNG"	1300
"9169"	"X"	"UNG"	600
"9170"	"Y"	"UNG"	16345
"9171"	"Z"	"UNG"	17867
"9184"	"D"	"UNL"	1000
"9185"	"J"	"UNL"	200
"9200"	"D"	"UPRO"	23467
"9201"	"J"	"UPRO"	200
"9202"	"K"	"UPRO"	1892
"9203"	"P"	"UPRO"	2400
"9204"	"Q"	"UPRO"	1000
"9205"	"X"	"UPRO"	100
"9206"	"Y"	"UPRO"	300
"9207"	"Z"	"UPRO"	2790
"9218"	"D"	"UPV"	425
"9219"	"D"	"UPW"	135
"9224"	"D"	"URA"	2943
"9225"	"K"	"URA"	460
"9226"	"P"	"URA"	100
"9239"	"D"	"URE"	330
"9240"	"J"	"URE"	685
"9241"	"P"	"URE"	100
"9242"	"Y"	"URE"	200
"9260"	"B"	"URTY"	100
"9261"	"D"	"URTY"	1300
"9262"	"K"	"URTY"	100
"9263"	"Q"	"URTY"	300
"9264"	"Z"	"URTY"	300
"9275"	"D"	"USCI"	365
"9276"	"Z"	"USCI"	350
"9286"	"C"	"USD"	100
"9287"	"D"	"USD"	823
"9288"	"K"	"USD"	265
"9289"	"Q"	"USD"	100
"9296"	"P"	"USL"	200
"9302"	"B"	"USLV"	600
"9303"	"D"	"USLV"	43590
"9304"	"K"	"USLV"	2000
"9305"	"P"	"USLV"	3961
"9306"	"Q"	"USLV"	3700
"9307"	"Y"	"USLV"	300
"9308"	"Z"	"USLV"	1100
"9323"	"B"	"USMV"	114
"9324"	"D"	"USMV"	5397
"9325"	"J"	"USMV"	575
"9326"	"K"	"USMV"	461
"9327"	"Q"	"USMV"	4232
"9328"	"W"	"USMV"	100
"9329"	"Y"	"USMV"	101
"9349"	"B"	"USO"	18900
"9350"	"C"	"USO"	100
"9351"	"D"	"USO"	199823
"9352"	"J"	"USO"	25538
"9353"	"K"	"USO"	9822
"9354"	"M"	"USO"	1400
"9355"	"P"	"USO"	13105
"9356"	"Q"	"USO"	18885
"9357"	"W"	"USO"	800
"9358"	"X"	"USO"	4600
"9359"	"Y"	"USO"	13002
"9360"	"Z"	"USO"	29769
"9373"	"P"	"UST"	1900
"9387"	"B"	"UUP"	7628
"9388"	"D"	"UUP"	329041
"9389"	"J"	"UUP"	7100
"9390"	"K"	"UUP"	100
"9391"	"Q"	"UUP"	39470
"9392"	"W"	"UUP"	400
"9393"	"X"	"UUP"	37300
"9394"	"Y"	"UUP"	4062
"9395"	"Z"	"UUP"	1500
"9421"	"B"	"UVXY"	24448
"9422"	"D"	"UVXY"	683504
"9423"	"J"	"UVXY"	11477
"9424"	"K"	"UVXY"	35522
"9425"	"P"	"UVXY"	6026
"9426"	"Q"	"UVXY"	11488
"9427"	"W"	"UVXY"	800
"9428"	"X"	"UVXY"	800
"9429"	"Y"	"UVXY"	5726
"9430"	"Z"	"UVXY"	36468
"9448"	"B"	"UWM"	100
"9449"	"D"	"UWM"	5607
"9450"	"J"	"UWM"	100
"9451"	"P"	"UWM"	1214
"9452"	"Q"	"UWM"	200
"9453"	"X"	"UWM"	200
"9454"	"Z"	"UWM"	878
"9469"	"D"	"UXJ"	900
"9473"	"D"	"UYG"	6235
"9474"	"P"	"UYG"	200
"9475"	"Q"	"UYG"	1100
"9476"	"Y"	"UYG"	1277
"9477"	"Z"	"UYG"	2071
"9493"	"D"	"UYM"	2096
"9494"	"J"	"UYM"	100
"9495"	"K"	"UYM"	400
"9496"	"P"	"UYM"	1633
"9497"	"Q"	"UYM"	1673
"9498"	"Y"	"UYM"	100
"9499"	"Z"	"UYM"	530
"9511"	"P"	"VAW"	100
"9512"	"Q"	"VAW"	200
"9513"	"Z"	"VAW"	200
"9526"	"B"	"VB"	400
"9527"	"D"	"VB"	2966
"9528"	"K"	"VB"	100
"9529"	"P"	"VB"	1000
"9530"	"Q"	"VB"	1126
"9531"	"Y"	"VB"	200
"9532"	"Z"	"VB"	300
"9543"	"D"	"VBK"	999
"9544"	"J"	"VBK"	100
"9545"	"K"	"VBK"	101
"9546"	"P"	"VBK"	817
"9547"	"Q"	"VBK"	200
"9560"	"B"	"VBR"	100
"9561"	"D"	"VBR"	250
"9562"	"J"	"VBR"	2129
"9563"	"K"	"VBR"	599
"9564"	"P"	"VBR"	200
"9565"	"Q"	"VBR"	100
"9566"	"Y"	"VBR"	100
"9567"	"Z"	"VBR"	303
"9576"	"P"	"VCR"	500
"9577"	"Q"	"VCR"	820
"9590"	"D"	"VDC"	2163
"9591"	"J"	"VDC"	289
"9592"	"K"	"VDC"	234
"9593"	"P"	"VDC"	200
"9594"	"Q"	"VDC"	958
"9595"	"Z"	"VDC"	234
"9606"	"D"	"VDE"	1100
"9623"	"B"	"VEA"	1968
"9624"	"D"	"VEA"	20244
"9625"	"J"	"VEA"	5625
"9626"	"K"	"VEA"	940
"9627"	"P"	"VEA"	13369
"9628"	"Q"	"VEA"	37096
"9629"	"X"	"VEA"	100
"9630"	"Y"	"VEA"	3827
"9631"	"Z"	"VEA"	68240
"9651"	"B"	"VEU"	400
"9652"	"D"	"VEU"	13948
"9653"	"J"	"VEU"	224
"9654"	"K"	"VEU"	100
"9655"	"P"	"VEU"	4386
"9656"	"Q"	"VEU"	4196
"9657"	"Y"	"VEU"	700
"9658"	"Z"	"VEU"	700
"9673"	"D"	"VFH"	1411
"9674"	"J"	"VFH"	200
"9675"	"P"	"VFH"	932
"9676"	"Q"	"VFH"	525
"9677"	"Y"	"VFH"	400
"9678"	"Z"	"VFH"	133
"9696"	"B"	"VGK"	300
"9697"	"D"	"VGK"	13981
"9698"	"J"	"VGK"	1100
"9699"	"K"	"VGK"	600
"9700"	"P"	"VGK"	32200
"9701"	"Q"	"VGK"	19857
"9702"	"X"	"VGK"	200
"9703"	"Z"	"VGK"	9522
"9722"	"B"	"VGT"	200
"9723"	"D"	"VGT"	924
"9724"	"K"	"VGT"	305
"9725"	"P"	"VGT"	2010
"9726"	"Q"	"VGT"	2400
"9727"	"Z"	"VGT"	300
"9742"	"D"	"VHT"	3207
"9743"	"J"	"VHT"	800
"9744"	"P"	"VHT"	1017
"9745"	"Q"	"VHT"	700
"9758"	"B"	"VIG"	300
"9759"	"D"	"VIG"	18656
"9760"	"J"	"VIG"	6176
"9761"	"K"	"VIG"	1979
"9762"	"P"	"VIG"	7333
"9763"	"Q"	"VIG"	380
"9764"	"Y"	"VIG"	400
"9765"	"Z"	"VIG"	100
"9783"	"D"	"VIIX"	5200
"9784"	"K"	"VIIX"	100
"9785"	"P"	"VIIX"	100
"9786"	"Q"	"VIIX"	2800
"9787"	"X"	"VIIX"	600
"9788"	"Z"	"VIIX"	1800
"9799"	"J"	"VIS"	100
"9800"	"K"	"VIS"	146
"9801"	"P"	"VIS"	146
"9802"	"Q"	"VIS"	100
"9803"	"Z"	"VIS"	166
"9812"	"D"	"VIXM"	3357
"9813"	"K"	"VIXM"	200
"9814"	"P"	"VIXM"	1600
"9815"	"Q"	"VIXM"	300
"9816"	"Z"	"VIXM"	200
"9831"	"B"	"VIXY"	100
"9832"	"D"	"VIXY"	44025
"9833"	"J"	"VIXY"	100
"9834"	"K"	"VIXY"	400
"9835"	"P"	"VIXY"	626
"9836"	"Q"	"VIXY"	977
"9837"	"W"	"VIXY"	200
"9838"	"Y"	"VIXY"	900
"9839"	"Z"	"VIXY"	700
"9857"	"B"	"VNM"	256
"9858"	"D"	"VNM"	7272
"9859"	"J"	"VNM"	350
"9860"	"K"	"VNM"	1094
"9861"	"P"	"VNM"	1761
"9862"	"Q"	"VNM"	237
"9863"	"Y"	"VNM"	826
"9864"	"Z"	"VNM"	500
"9881"	"B"	"VNQ"	8572
"9882"	"D"	"VNQ"	20313
"9883"	"J"	"VNQ"	8986
"9884"	"K"	"VNQ"	4533
"9885"	"P"	"VNQ"	5330
"9886"	"Q"	"VNQ"	5898
"9887"	"W"	"VNQ"	200
"9888"	"X"	"VNQ"	400
"9889"	"Y"	"VNQ"	9276
"9890"	"Z"	"VNQ"	7400
"9903"	"D"	"VO"	3681
"9904"	"J"	"VO"	350
"9905"	"Q"	"VO"	2318
"9916"	"D"	"VOE"	355
"9917"	"J"	"VOE"	2358
"9918"	"K"	"VOE"	500
"9919"	"P"	"VOE"	100
"9920"	"Q"	"VOE"	300
"9935"	"B"	"VOO"	5535
"9936"	"D"	"VOO"	13575
"9937"	"J"	"VOO"	8514
"9938"	"K"	"VOO"	851
"9939"	"P"	"VOO"	13423
"9940"	"Q"	"VOO"	8539
"9941"	"X"	"VOO"	900
"9942"	"Y"	"VOO"	3213
"9943"	"Z"	"VOO"	3618
"9957"	"D"	"VOOV"	238
"9960"	"C"	"VOT"	100
"9961"	"D"	"VOT"	117
"9962"	"J"	"VOT"	717
"9963"	"P"	"VOT"	100
"9964"	"Q"	"VOT"	1711
"9975"	"D"	"VOX"	460
"9976"	"P"	"VOX"	100
"9990"	"B"	"VPL"	400
"9991"	"D"	"VPL"	1544
"9992"	"J"	"VPL"	700
"9993"	"P"	"VPL"	500
"9994"	"Y"	"VPL"	500
"9995"	"Z"	"VPL"	1724
"10008"	"D"	"VPU"	10662
"10009"	"J"	"VPU"	3100
"10010"	"K"	"VPU"	1004
"10011"	"P"	"VPU"	5853
"10012"	"Q"	"VPU"	3249
"10013"	"Z"	"VPU"	277
"10023"	"Q"	"VRD"	100
"10025"	"P"	"VSPY"	200
"10028"	"D"	"VSS"	316
"10029"	"P"	"VSS"	213
"10042"	"B"	"VT"	100
"10043"	"D"	"VT"	5713
"10044"	"J"	"VT"	100
"10045"	"P"	"VT"	3083
"10046"	"Q"	"VT"	1935
"10047"	"Y"	"VT"	100
"10060"	"D"	"VTI"	13923
"10061"	"J"	"VTI"	6202
"10062"	"K"	"VTI"	1660
"10063"	"P"	"VTI"	12360
"10064"	"Q"	"VTI"	1464
"10065"	"X"	"VTI"	100
"10066"	"Y"	"VTI"	200
"10067"	"Z"	"VTI"	7219
"10081"	"D"	"VTV"	2252
"10082"	"J"	"VTV"	2167
"10083"	"K"	"VTV"	1215
"10084"	"P"	"VTV"	3427
"10085"	"Q"	"VTV"	1900
"10086"	"Z"	"VTV"	1100
"10101"	"B"	"VUG"	704
"10102"	"D"	"VUG"	2924
"10103"	"J"	"VUG"	200
"10104"	"P"	"VUG"	1300
"10105"	"Q"	"VUG"	100
"10106"	"Y"	"VUG"	600
"10119"	"D"	"VV"	2543
"10120"	"Z"	"VV"	300
"10141"	"B"	"VWO"	20026
"10142"	"D"	"VWO"	306884
"10143"	"J"	"VWO"	132312
"10144"	"K"	"VWO"	12100
"10145"	"M"	"VWO"	100
"10146"	"P"	"VWO"	67648
"10147"	"Q"	"VWO"	295172
"10148"	"W"	"VWO"	400
"10149"	"Y"	"VWO"	14343
"10150"	"Z"	"VWO"	266359
"10165"	"D"	"VXF"	2809
"10166"	"K"	"VXF"	200
"10167"	"P"	"VXF"	165
"10168"	"Q"	"VXF"	3047
"10181"	"B"	"VXZ"	200
"10182"	"D"	"VXZ"	5500
"10183"	"P"	"VXZ"	1100
"10196"	"D"	"VYM"	6783
"10197"	"J"	"VYM"	2300
"10198"	"P"	"VYM"	1300
"10199"	"Q"	"VYM"	2200
"10200"	"Y"	"VYM"	100
"10201"	"Z"	"VYM"	1100
"10213"	"D"	"WDTI"	100
"10223"	"B"	"WIP"	100
"10224"	"D"	"WIP"	199
"10243"	"D"	"WPS"	300
"10244"	"P"	"WPS"	100
"10258"	"B"	"XBI"	100
"10259"	"D"	"XBI"	2496
"10260"	"K"	"XBI"	100
"10261"	"P"	"XBI"	1300
"10262"	"Q"	"XBI"	500
"10278"	"D"	"XES"	908
"10279"	"Z"	"XES"	400
"10297"	"B"	"XHB"	27127
"10298"	"C"	"XHB"	100
"10299"	"D"	"XHB"	121635
"10300"	"J"	"XHB"	60991
"10301"	"K"	"XHB"	23536
"10302"	"P"	"XHB"	77213
"10303"	"Q"	"XHB"	41662
"10304"	"W"	"XHB"	1142
"10305"	"X"	"XHB"	300
"10306"	"Y"	"XHB"	37083
"10307"	"Z"	"XHB"	58784
"10333"	"B"	"XIV"	13110
"10334"	"D"	"XIV"	215899
"10335"	"J"	"XIV"	8850
"10336"	"K"	"XIV"	11491
"10337"	"P"	"XIV"	27236
"10338"	"Q"	"XIV"	30192
"10339"	"W"	"XIV"	1700
"10340"	"X"	"XIV"	800
"10341"	"Y"	"XIV"	7036
"10342"	"Z"	"XIV"	35435
"10363"	"B"	"XLB"	80873
"10364"	"D"	"XLB"	216829
"10365"	"J"	"XLB"	63746
"10366"	"K"	"XLB"	11873
"10367"	"P"	"XLB"	36922
"10368"	"Q"	"XLB"	53613
"10369"	"W"	"XLB"	5400
"10370"	"X"	"XLB"	400
"10371"	"Y"	"XLB"	14046
"10372"	"Z"	"XLB"	50272
"10394"	"B"	"XLE"	11674
"10395"	"C"	"XLE"	100
"10396"	"D"	"XLE"	157521
"10397"	"J"	"XLE"	66730
"10398"	"K"	"XLE"	29866
"10399"	"P"	"XLE"	87446
"10400"	"Q"	"XLE"	39788
"10401"	"W"	"XLE"	100
"10402"	"X"	"XLE"	200
"10403"	"Y"	"XLE"	15261
"10404"	"Z"	"XLE"	53008
"10426"	"B"	"XLF"	315845
"10427"	"D"	"XLF"	1114746
"10428"	"J"	"XLF"	149899
"10429"	"K"	"XLF"	23626
"10430"	"P"	"XLF"	529904
"10431"	"Q"	"XLF"	111833
"10432"	"W"	"XLF"	9800
"10433"	"X"	"XLF"	1200
"10434"	"Y"	"XLF"	28753
"10435"	"Z"	"XLF"	140547
"10447"	"D"	"XLG"	200
"10448"	"P"	"XLG"	200
"10464"	"B"	"XLI"	78560
"10465"	"C"	"XLI"	137
"10466"	"D"	"XLI"	359412
"10467"	"J"	"XLI"	38662
"10468"	"K"	"XLI"	19947
"10469"	"P"	"XLI"	46725
"10470"	"Q"	"XLI"	32963
"10471"	"W"	"XLI"	400
"10472"	"X"	"XLI"	3500
"10473"	"Y"	"XLI"	19325
"10474"	"Z"	"XLI"	56408
"10495"	"B"	"XLK"	72886
"10496"	"D"	"XLK"	189521
"10497"	"J"	"XLK"	27317
"10498"	"K"	"XLK"	48389
"10499"	"P"	"XLK"	44427
"10500"	"Q"	"XLK"	74902
"10501"	"W"	"XLK"	200
"10502"	"X"	"XLK"	800
"10503"	"Y"	"XLK"	13274
"10504"	"Z"	"XLK"	52100
"10525"	"B"	"XLP"	56143
"10526"	"C"	"XLP"	9300
"10527"	"D"	"XLP"	587784
"10528"	"J"	"XLP"	221935
"10529"	"K"	"XLP"	158712
"10530"	"P"	"XLP"	283411
"10531"	"Q"	"XLP"	110130
"10532"	"W"	"XLP"	500
"10533"	"X"	"XLP"	12100
"10534"	"Y"	"XLP"	55421
"10535"	"Z"	"XLP"	172424
"10556"	"B"	"XLU"	49387
"10557"	"C"	"XLU"	100
"10558"	"D"	"XLU"	256134
"10559"	"J"	"XLU"	49615
"10560"	"K"	"XLU"	11000
"10561"	"P"	"XLU"	42271
"10562"	"Q"	"XLU"	13946
"10563"	"W"	"XLU"	4214
"10564"	"X"	"XLU"	6284
"10565"	"Y"	"XLU"	4600
"10566"	"Z"	"XLU"	45081
"10587"	"B"	"XLV"	34887
"10588"	"C"	"XLV"	300
"10589"	"D"	"XLV"	238248
"10590"	"J"	"XLV"	63613
"10591"	"K"	"XLV"	41239
"10592"	"P"	"XLV"	59036
"10593"	"Q"	"XLV"	25595
"10594"	"W"	"XLV"	4300
"10595"	"X"	"XLV"	11300
"10596"	"Y"	"XLV"	37061
"10597"	"Z"	"XLV"	67768
"10616"	"B"	"XLY"	39200
"10617"	"D"	"XLY"	121520
"10618"	"J"	"XLY"	17717
"10619"	"K"	"XLY"	28509
"10620"	"P"	"XLY"	19393
"10621"	"Q"	"XLY"	15555
"10622"	"X"	"XLY"	800
"10623"	"Y"	"XLY"	15138
"10624"	"Z"	"XLY"	29517
"10646"	"B"	"XME"	17753
"10647"	"C"	"XME"	200
"10648"	"D"	"XME"	188150
"10649"	"J"	"XME"	39429
"10650"	"K"	"XME"	31195
"10651"	"P"	"XME"	82610
"10652"	"Q"	"XME"	31594
"10653"	"W"	"XME"	2800
"10654"	"Y"	"XME"	16050
"10655"	"Z"	"XME"	76969
"10668"	"D"	"XMLV"	1555
"10687"	"B"	"XOP"	3800
"10688"	"D"	"XOP"	60992
"10689"	"J"	"XOP"	8700
"10690"	"K"	"XOP"	19303
"10691"	"P"	"XOP"	25438
"10692"	"Q"	"XOP"	12532
"10693"	"W"	"XOP"	200
"10694"	"X"	"XOP"	200
"10695"	"Y"	"XOP"	3800
"10696"	"Z"	"XOP"	20129
"10708"	"D"	"XOVR"	100
"10714"	"D"	"XPH"	300
"10715"	"K"	"XPH"	300
"10716"	"Z"	"XPH"	100
"10724"	"D"	"XPP"	275
"10725"	"P"	"XPP"	100
"10736"	"B"	"XRT"	8900
"10737"	"D"	"XRT"	167784
"10738"	"J"	"XRT"	30812
"10739"	"K"	"XRT"	34418
"10740"	"P"	"XRT"	15226
"10741"	"Q"	"XRT"	18494
"10742"	"W"	"XRT"	100
"10743"	"X"	"XRT"	1400
"10744"	"Y"	"XRT"	4800
"10745"	"Z"	"XRT"	24192
"10757"	"P"	"XSD"	100
"10758"	"Z"	"XSD"	400
"10769"	"D"	"XSLV"	500
"10783"	"D"	"XVZ"	100
"10784"	"K"	"XVZ"	200
"10793"	"D"	"YANG"	200
"10799"	"D"	"YAO"	222
"10805"	"B"	"YCS"	600
"10806"	"D"	"YCS"	500
"10807"	"J"	"YCS"	1783
"10808"	"K"	"YCS"	603
"10809"	"P"	"YCS"	1651
"10810"	"Q"	"YCS"	729
"10811"	"X"	"YCS"	200
"10812"	"Y"	"YCS"	1400
"10813"	"Z"	"YCS"	715
"10830"	"D"	"YINN"	4470
"10831"	"P"	"YINN"	3200
"10840"	"D"	"YMLI"	400
"10841"	"K"	"YMLI"	500
"10848"	"C"	"YMLP"	600
"10849"	"D"	"YMLP"	2298
"10850"	"J"	"YMLP"	200
"10851"	"K"	"YMLP"	4200
"10852"	"P"	"YMLP"	300
"10853"	"Q"	"YMLP"	3500
"10881"	"D"	"ZSL"	3400
"10882"	"J"	"ZSL"	100
"10883"	"K"	"ZSL"	500
"10884"	"P"	"ZSL"	400
"10885"	"Q"	"ZSL"	597
"10886"	"Y"	"ZSL"	900
"10887"	"Z"	"ZSL"	200
