name,Exchange
AAIT,Q
AAME,Q
AAON,Q
AAPL,Q
AAWW,Q
AAXJ,Q
ABAX,Q
ABCB,Q
ABCD,Q
ABCO,Q
ABFS,Q
ABIO,Q
ABMD,Q
ABTL,Q
ACAD,Q
ACAS,Q
ACAT,Q
ACCL,Q
ACET,Q
ACFC,Q
ACFN,Q
ACGL,Q
ACHC,Q
ACHN,Q
ACIW,Q
ACLS,Q
ACNB,Q
ACOR,Q
ACPW,Q
ACRX,Q
ACST,Q
ACTG,Q
ACTS,Q
ACUR,Q
ACWI,Q
ACWX,Q
ACXM,Q
ADAT,Q
ADBE,Q
ADEP,Q
ADES,Q
ADHD,Q
ADI,Q
ADNC,Q
ADP,Q
ADRA,Q
ADRD,Q
ADRE,Q
ADRU,Q
ADSK,Q
ADTN,Q
ADUS,Q
ADVS,Q
AEGN,Q
AEGR,Q
AEHR,Q
AEIS,Q
AEPI,Q
AERL,Q
AETI,Q
AEY,Q
AEZS,Q
AFAM,Q
AFCB,Q
AFCE,Q
AFFX,Q
AFH,Q
AFOP,Q
AFSI,Q
AGEN,Q
AGII,Q
AGIIL,Q
AGIO,Q
AGNC,Q
AGNCP,Q
AGYS,Q
AHGP,Q
AHPI,Q
AIMC,Q
AINV,Q
AIQ,Q
AIRM,Q
AIRT,Q
AIXG,Q
AKAM,Q
AKRX,Q
ALCO,Q
ALCS,Q
ALGN,Q
ALGT,Q
ALIM,Q
ALKS,Q
ALLB,Q
ALLT,Q
ALNY,Q
ALOG,Q
ALOT,Q
ALSK,Q
ALTI,Q
ALTR,Q
ALVR,Q
ALXA,Q
ALXN,Q
AMAG,Q
AMAP,Q
AMAT,Q
AMBA,Q
AMBC,Q
AMBCW,Q
AMBI,Q
AMBT,Q
AMCC,Q
AMCF,Q
AMCN,Q
AMCX,Q
AMED,Q
AMGN,Q
AMIC,Q
AMKR,Q
AMNB,Q
AMOT,Q
AMOV,Q
AMRB,Q
AMRI,Q
AMRN,Q
AMRS,Q
AMSC,Q
AMSF,Q
AMSG,Q
AMSWA,Q
AMWD,Q
AMZN,Q
ANAC,Q
ANAD,Q
ANAT,Q
ANCB,Q
ANCI,Q
ANCX,Q
ANDA,Q
ANDAU,Q
ANDAW,Q
ANDE,Q
ANEN,Q
ANGI,Q
ANGO,Q
ANIK,Q
ANIP,Q
ANLY,Q
ANSS,Q
ANTH,Q
AOSL,Q
APAGF,Q
APEI,Q
APFC,Q
APOG,Q
APOL,Q
APPY,Q
APRI,Q
APSA,Q
APWC,Q
AQU,Q
AQUUU,Q
AQUUW,Q
ARAY,Q
ARCC,Q
ARCI,Q
ARCP,Q
ARCW,Q
ARDNA,Q
AREX,Q
ARIA,Q
ARII,Q
ARKR,Q
ARLP,Q
ARMH,Q
ARNA,Q
AROW,Q
ARQL,Q
ARRS,Q
ARRY,Q
ARTC,Q
ARTNA,Q
ARTW,Q
ARTX,Q
ARUN,Q
ARWR,Q
ASBB,Q
ASBC,Q
ASBCW,Q
ASBI,Q
ASCMA,Q
ASDR,Q
ASEI,Q
ASFI,Q
ASIA,Q
ASMI,Q
ASML,Q
ASNA,Q
ASPS,Q
ASRV,Q
ASRVP,Q
ASTC,Q
ASTE,Q
ASTI,Q
ASTM,Q
ASTX,Q
ASUR,Q
ASYS,Q
ATAI,Q
ATAX,Q
ATEA,Q
ATEC,Q
ATHN,Q
ATHX,Q
ATLC,Q
ATLO,Q
ATMI,Q
ATML,Q
ATNI,Q
ATNY,Q
ATOS,Q
ATRC,Q
ATRI,Q
ATRM,Q
ATRO,Q
ATRS,Q
ATSG,Q
ATTU,Q
ATVI,Q
ATX,Q
AUBN,Q
AUDC,Q
AUXL,Q
AVAV,Q
AVEO,Q
AVGO,Q
AVHI,Q
AVID,Q
AVNR,Q
AVNW,Q
AWAY,Q
AWRE,Q
AXAS,Q
AXDX,Q
AXFN,Q
AXGN,Q
AXJS,Q
AXTI,Q
AZPN,Q
BABY,Q
BAGL,Q
BAGR,Q
BAMM,Q
BANC,Q
BANCL,Q
BANCP,Q
BANF,Q
BANFP,Q
BANR,Q
BASI,Q
BAXS,Q
BBBY,Q
BBCN,Q
BBEP,Q
BBGI,Q
BBNK,Q
BBOX,Q
BBRG,Q
BBRY,Q
BBSI,Q
BCBP,Q
BCOM,Q
BCOR,Q
BCOV,Q
BCPC,Q
BCRX,Q
BCSB,Q
BDBD,Q
BDE,Q
BDGE,Q
BDMS,Q
BDSI,Q
BEAT,Q
BEAV,Q
BEBE,Q
BECN,Q
BELFA,Q
BELFB,Q
BERK,Q
BFIN,Q
BGCP,Q
BGFV,Q
BGMD,Q
BGSC,Q
BGSCU,Q
BGSCW,Q
BIB,Q
BICK,Q
BIDU,Q
BIIB,Q
BIOD,Q
BIOF,Q
BIOL,Q
BIOS,Q
BIRT,Q
BIS,Q
BJRI,Q
BKCC,Q
BKEP,Q
BKEPP,Q
BKMU,Q
BKSC,Q
BKYF,Q
BLDP,Q
BLDR,Q
BLIN,Q
BLKB,Q
BLMN,Q
BLMT,Q
BLRX,Q
BLUE,Q
BMRC,Q
BMRN,Q
BMTC,Q
BNCL,Q
BNCN,Q
BNDX,Q
BNSO,Q
BOBE,Q
BOCH,Q
BODY,Q
BOFI,Q
BOKF,Q
BOLT,Q
BONA,Q
BONT,Q
BOOM,Q
BOSC,Q
BOTA,Q
BOTJ,Q
BPFH,Q
BPFHP,Q
BPFHW,Q
BPHX,Q
BPOP,Q
BPOPM,Q
BPOPN,Q
BRCD,Q
BRCM,Q
BREW,Q
BRID,Q
BRKL,Q
BRKR,Q
BRKS,Q
BRLI,Q
BSDM,Q
BSET,Q
BSFT,Q
BSPM,Q
BSQR,Q
BSRR,Q
BSTC,Q
BTUI,Q
BUR,Q
BUSE,Q
BV,Q
BVA,Q
BVSN,Q
BWEN,Q
BWINA,Q
BWINB,Q
BWLD,Q
BYFC,Q
CA,Q
CAAS,Q
CAC,Q
CACB,Q
CACC,Q
CACG,Q
CACGU,Q
CACGW,Q
CACH,Q
CADC,Q
CADX,Q
CAFI,Q
CAKE,Q
CALD,Q
CALI,Q
CALL,Q
CALM,Q
CAMP,Q
CAMT,Q
CAR,Q
CARB,Q
CART,Q
CARV,Q
CARZ,Q
CASH,Q
CASM,Q
CASS,Q
CASY,Q
CATM,Q
CATY,Q
CAVM,Q
CBAK,Q
CBAN,Q
CBEY,Q
CBF,Q
CBIN,Q
CBLI,Q
CBMX,Q
CBMXW,Q
CBNJ,Q
CBNK,Q
CBOE,Q
CBPO,Q
CBRL,Q
CBRX,Q
CBSH,Q
CBST,Q
CCBG,Q
CCCL,Q
CCCR,Q
CCIH,Q
CCIX,Q
CCMP,Q
CCNE,Q
CCOI,Q
CCRN,Q
CCUR,Q
CCXI,Q
CDNS,Q
CDTI,Q
CDW,Q
CDXS,Q
CDZI,Q
CECE,Q
CECO,Q
CEDU,Q
CELG,Q
CELGZ,Q
CEMI,Q
CEMP,Q
CENT,Q
CENTA,Q
CENX,Q
CERE,Q
CERN,Q
CERS,Q
CETV,Q
CEVA,Q
CFBK,Q
CFFI,Q
CFFN,Q
CFNB,Q
CFNL,Q
CG,Q
CGEN,Q
CGIX,Q
CGNX,Q
CGO,Q
CHCI,Q
CHCO,Q
CHDN,Q
CHDX,Q
CHEF,Q
CHEV,Q
CHFC,Q
CHFN,Q
CHI,Q
CHKE,Q
CHKP,Q
CHLN,Q
CHMG,Q
CHNR,Q
CHOP,Q
CHRM,Q
CHRW,Q
CHSCP,Q
CHTP,Q
CHTR,Q
CHUY,Q
CHW,Q
CHXF,Q
CHY,Q
CHYR,Q
CIDM,Q
CIEN,Q
CIFC,Q
CIMT,Q
CINF,Q
CISAA,Q
CISAU,Q
CISAW,Q
CISG,Q
CITZ,Q
CIZN,Q
CJJD,Q
CKEC,Q
CKSW,Q
CLAC,Q
CLACU,Q
CLACW,Q
CLBH,Q
CLCT,Q
CLDX,Q
CLFD,Q
CLIR,Q
CLMS,Q
CLMT,Q
CLNE,Q
CLNT,Q
CLRO,Q
CLRX,Q
CLSN,Q
CLUB,Q
CLVS,Q
CLWT,Q
CMCO,Q
CMCSA,Q
CMCSK,Q
CME,Q
CMGE,Q
CMLS,Q
CMRX,Q
CMSB,Q
CMTL,Q
CNAT,Q
CNBC,Q
CNBKA,Q
CNDO,Q
CNET,Q
CNIT,Q
CNMD,Q
CNOB,Q
CNQR,Q
CNSI,Q
CNSL,Q
CNTF,Q
CNTY,Q
CNYD,Q
COA,Q
COB,Q
COBK,Q
COBR,Q
COBZ,Q
COCO,Q
COGO,Q
COHR,Q
COHU,Q
COKE,Q
COLB,Q
COLM,Q
CONE,Q
CONN,Q
COOL,Q
CORE,Q
CORT,Q
COSI,Q
COST,Q
COWN,Q
CPAH,Q
CPGI,Q
CPHC,Q
CPHD,Q
CPIX,Q
CPLA,Q
CPLP,Q
CPRT,Q
CPRX,Q
CPSI,Q
CPSL,Q
CPSS,Q
CPST,Q
CPWR,Q
CRAI,Q
CRAY,Q
CRDC,Q
CRDS,Q
CREE,Q
CREG,Q
CRESW,Q
CRESY,Q
CRIS,Q
CRMB,Q
CRMBU,Q
CRMBW,Q
CRME,Q
CRMT,Q
CRNT,Q
CROX,Q
CRRB,Q
CRRC,Q
CRRS,Q
CRTX,Q
CRUS,Q
CRVL,Q
CRWN,Q
CRWS,Q
CRZO,Q
CSBK,Q
CSCD,Q
CSCO,Q
CSFL,Q
CSGP,Q
CSGS,Q
CSII,Q
CSIQ,Q
CSOD,Q
CSPI,Q
CSQ,Q
CSRE,Q
CSTE,Q
CSUN,Q
CSWC,Q
CTAS,Q
CTBI,Q
CTCH,Q
CTCM,Q
CTCT,Q
CTG,Q
CTHR,Q
CTIB,Q
CTIC,Q
CTRL,Q
CTRN,Q
CTRP,Q
CTRX,Q
CTSH,Q
CTWS,Q
CTXS,Q
CU,Q
CUBA,Q
CUBI,Q
CUBIL,Q
CUI,Q
CUNB,Q
CUTR,Q
CVBF,Q
CVCO,Q
CVCY,Q
CVGI,Q
CVGW,Q
CVLT,Q
CVLY,Q
CVTI,Q
CVV,Q
CWBC,Q
CWCO,Q
CWEI,Q
CWST,Q
CWTR,Q
CXDC,Q
CXPO,Q
CY,Q
CYAN,Q
CYBE,Q
CYBX,Q
CYCC,Q
CYCCP,Q
CYNO,Q
CYOU,Q
CYTK,Q
CYTR,Q
CYTX,Q
CYTXW,Q
CZFC,Q
CZNC,Q
CZR,Q
CZWI,Q
DAEG,Q
DAIO,Q
DAKT,Q
DARA,Q
DATE,Q
DAVE,Q
DBLE,Q
DBLEP,Q
DCIN,Q
DCIX,Q
DCOM,Q
DCTH,Q
DECK,Q
DELL,Q
DENN,Q
DEPO,Q
DEST,Q
DFRG,Q
DFZ,Q
DGAS,Q
DGICA,Q
DGICB,Q
DGII,Q
DGIT,Q
DGLY,Q
DGRE,Q
DGRS,Q
DGRW,Q
DHIL,Q
DHRM,Q
DIOD,Q
DISCA,Q
DISCB,Q
DISCK,Q
DISH,Q
DJCO,Q
DLHC,Q
DLIA,Q
DLLR,Q
DLTR,Q
DMLP,Q
DMND,Q
DMRC,Q
DNBF,Q
DNDN,Q
DNKN,Q
DORM,Q
DOVR,Q
DRAD,Q
DRAM,Q
DRCO,Q
DRIV,Q
DRRX,Q
DRTX,Q
DRWI,Q
DRYS,Q
DSCI,Q
DSCO,Q
DSGX,Q
DSKX,Q
DSPG,Q
DSWL,Q
DTLK,Q
DTSI,Q
DTV,Q
DVAX,Q
DVCR,Q
DWA,Q
DWCH,Q
DWSN,Q
DXCM,Q
DXJS,Q
DXLG,Q
DXM,Q
DXPE,Q
DXPS,Q
DXYN,Q
DYAX,Q
DYNT,Q
DYSL,Q
EA,Q
EAC,Q
EAGLU,Q
EBAY,Q
EBIX,Q
EBMT,Q
EBSB,Q
EBTC,Q
ECHO,Q
ECOL,Q
ECPG,Q
ECTE,Q
ECTY,Q
ECYT,Q
EDAP,Q
EDGW,Q
EDMC,Q
EDS,Q
EDUC,Q
EEFT,Q
EEI,Q
EEMA,Q
EEME,Q
EEML,Q
EFII,Q
EFSC,Q
EFUT,Q
EGAN,Q
EGBN,Q
EGHT,Q
EGLE,Q
EGOV,Q
EGRW,Q
EGT,Q
EHTH,Q
EIHI,Q
ELGX,Q
ELNK,Q
ELON,Q
ELOS,Q
ELRC,Q
ELSE,Q
ELTK,Q
EMCB,Q
EMCF,Q
EMCI,Q
EMDI,Q
EMDR,Q
EMEY,Q
EMFN,Q
EMIF,Q
EMITF,Q
EMKR,Q
EML,Q
EMMS,Q
EMMSP,Q
EMMT,Q
ENDP,Q
ENG,Q
ENMD,Q
ENOC,Q
ENPH,Q
ENSG,Q
ENT,Q
ENTA,Q
ENTG,Q
ENTR,Q
ENVI,Q
ENZN,Q
EONC,Q
EOPN,Q
EPAX,Q
EPAY,Q
EPIQ,Q
EPZM,Q
EQIX,Q
ERIC,Q
ERIE,Q
ERII,Q
EROC,Q
ERS,Q
ERW,Q
ESBF,Q
ESBK,Q
ESCA,Q
ESEA,Q
ESGR,Q
ESIO,Q
ESLT,Q
ESMC,Q
ESPR,Q
ESRX,Q
ESSA,Q
ESSX,Q
ESXB,Q
ESYS,Q
ETFC,Q
ETRM,Q
EUFN,Q
EVAC,Q
EVAL,Q
EVBS,Q
EVEP,Q
EVOL,Q
EVRY,Q
EWBC,Q
EXA,Q
EXAC,Q
EXAS,Q
EXEL,Q
EXFO,Q
EXLP,Q
EXLS,Q
EXPD,Q
EXPE,Q
EXPO,Q
EXTR,Q
EXXI,Q
EZCH,Q
EZPW,Q
FALC,Q
FANG,Q
FARM,Q
FARO,Q
FAST,Q
FB,Q
FBIZ,Q
FBMI,Q
FBMS,Q
FBNC,Q
FBNK,Q
FBRC,Q
FBSS,Q
FCAP,Q
FCBC,Q
FCCO,Q
FCCY,Q
FCEL,Q
FCFS,Q
FCHI,Q
FCLF,Q
FCNCA,Q
FCTY,Q
FCVA,Q
FCZA,Q
FDEF,Q
FDML,Q
FDUS,Q
FEFN,Q
FEIC,Q
FEIM,Q
FELE,Q
FES,Q
FFBC,Q
FFBCW,Q
FFBH,Q
FFCO,Q
FFHL,Q
FFIC,Q
FFIN,Q
FFIV,Q
FFKT,Q
FFKY,Q
FFNM,Q
FFNW,Q
FHCO,Q
FIBK,Q
FINL,Q
FIRE,Q
FISH,Q
FISI,Q
FISV,Q
FITB,Q
FIVE,Q
FIZZ,Q
FLDM,Q
FLEX,Q
FLIC,Q
FLIR,Q
FLL,Q
FLML,Q
FLOW,Q
FLWS,Q
FLXS,Q
FMBI,Q
FMER,Q
FMNB,Q
FNFG,Q
FNGN,Q
FNHC,Q
FNLC,Q
FNSR,Q
FOLD,Q
FONE,Q
FONR,Q
FORD,Q
FORM,Q
FORR,Q
FORTY,Q
FOSL,Q
FOX,Q
FOXA,Q
FOXF,Q
FRAN,Q
FRBK,Q
FRED,Q
FREE,Q
FRGI,Q
FRME,Q
FRNK,Q
FRP,Q
FSBK,Q
FSBW,Q
FSC,Q
FSCFL,Q
FSFG,Q
FSFR,Q
FSGI,Q
FSLR,Q
FSRV,Q
FSTR,Q
FSYS,Q
FTCS,Q
FTEK,Q
FTNT,Q
FTR,Q
FTSL,Q
FUBC,Q
FULL,Q
FULLL,Q
FULT,Q
FUNC,Q
FUND,Q
FURX,Q
FWLT,Q
FWM,Q
FWRD,Q
FXCB,Q
FXEN,Q
GABC,Q
GAGA,Q
GAI,Q
GAIA,Q
GAIN,Q
GAINP,Q
GALE,Q
GALT,Q
GALTU,Q
GALTW,Q
GAME,Q
GARS,Q
GASS,Q
GBCI,Q
GBDC,Q
GBLI,Q
GBNK,Q
GCBC,Q
GCOM,Q
GCVRZ,Q
GENC,Q
GENE,Q
GENT,Q
GEOS,Q
GERN,Q
GEVA,Q
GEVO,Q
GFED,Q
GFN,Q
GFNCP,Q
GGAL,Q
GHDX,Q
GIFI,Q
GIGA,Q
GIGM,Q
GIII,Q
GILD,Q
GILT,Q
GIVN,Q
GK,Q
GKNT,Q
GLAD,Q
GLADP,Q
GLBS,Q
GLBZ,Q
GLCB,Q
GLCH,Q
GLDC,Q
GLDD,Q
GLDI,Q
GLNG,Q
GLPW,Q
GLRE,Q
GLUU,Q
GMAN,Q
GMCR,Q
GMETP,Q
GMLP,Q
GNCMA,Q
GNMA,Q
GNMK,Q
GNTX,Q
GNVC,Q
GOGO,Q
GOLD,Q
GOOD,Q
GOODN,Q
GOODO,Q
GOODP,Q
GOOG,Q
GPIC,Q
GPOR,Q
GPRC,Q
GPRE,Q
GRFS,Q
GRID,Q
GRIF,Q
GRMN,Q
GROW,Q
GRPN,Q
GRVY,Q
GSBC,Q
GSIG,Q
GSIT,Q
GSJK,Q
GSM,Q
GSOL,Q
GSVC,Q
GT,Q
GTAT,Q
GTIM,Q
GTIV,Q
GTLS,Q
GTPPP,Q
GTWN,Q
GTXI,Q
GUID,Q
GULF,Q
GURE,Q
GWPH,Q
GYRO,Q
HA,Q
HAFC,Q
HAIN,Q
HALL,Q
HALO,Q
HAS,Q
HAST,Q
HAUP,Q
HAWK,Q
HAYN,Q
HBAN,Q
HBANP,Q
HBCP,Q
HBHC,Q
HBIO,Q
HBK,Q
HBMD,Q
HBNC,Q
HBNK,Q
HBOS,Q
HCAP,Q
HCBK,Q
HCCI,Q
HCIIP,Q
HCKT,Q
HCOM,Q
HCSG,Q
HDNG,Q
HDS,Q
HDSN,Q
HEES,Q
HELE,Q
HEOP,Q
HERO,Q
HFBC,Q
HFBL,Q
HFFC,Q
HFWA,Q
HGSH,Q
HIBB,Q
HIFS,Q
HIHO,Q
HIIQ,Q
HILL,Q
HIMX,Q
HITK,Q
HITT,Q
HKTV,Q
HLIT,Q
HLSS,Q
HMIN,Q
HMNF,Q
HMNY,Q
HMPR,Q
HMST,Q
HMSY,Q
HMTV,Q
HNH,Q
HNRG,Q
HNSN,Q
HOFT,Q
HOLI,Q
HOLL,Q
HOLX,Q
HOMB,Q
HOME,Q
HOTR,Q
HOTRW,Q
HOVNP,Q
HPAC,Q
HPCCP,Q
HPJ,Q
HPOL,Q
HPTX,Q
HRZN,Q
HSIC,Q
HSII,Q
HSKA,Q
HSNI,Q
HSOL,Q
HSON,Q
HSTM,Q
HTBI,Q
HTBK,Q
HTBX,Q
HTCH,Q
HTCO,Q
HTHT,Q
HTLD,Q
HTLF,Q
HTWO,Q
HTWR,Q
HUBG,Q
HURC,Q
HURN,Q
HWAY,Q
HWBK,Q
HWCC,Q
HWKN,Q
HYGS,Q
HYLS,Q
HZNP,Q
IACI,Q
IART,Q
IBB,Q
IBCA,Q
IBCP,Q
IBCPO,Q
IBKC,Q
IBKR,Q
IBOC,Q
IBTX,Q
ICAD,Q
ICCC,Q
ICEL,Q
ICFI,Q
ICGE,Q
ICLN,Q
ICLR,Q
ICON,Q
ICPT,Q
ICUI,Q
IDCC,Q
IDIX,Q
IDRA,Q
IDSA,Q
IDSY,Q
IDTI,Q
IDXX,Q
IEP,Q
IESC,Q
IFAS,Q
IFEU,Q
IFGL,Q
IFNA,Q
IFON,Q
IFSM,Q
IGLD,Q
IGOI,Q
IGOV,Q
IGTE,Q
III,Q
IIIN,Q
IIJI,Q
IILG,Q
IIN,Q
IIVI,Q
IKAN,Q
IKNX,Q
ILMN,Q
IMCB,Q
IMGN,Q
IMI,Q
IMKTA,Q
IMMR,Q
IMMU,Q
IMMY,Q
IMOS,Q
IMRS,Q
INAP,Q
INBK,Q
INCY,Q
INDB,Q
INDY,Q
INFA,Q
INFI,Q
INFN,Q
ININ,Q
INOC,Q
INOD,Q
INPH,Q
INSM,Q
INSY,Q
INTC,Q
INTG,Q
INTL,Q
INTLL,Q
INTT,Q
INTU,Q
INTX,Q
INVE,Q
INWK,Q
INXB,Q
INXBU,Q
INXBW,Q
IOSP,Q
IPAR,Q
IPAS,Q
IPCC,Q
IPCI,Q
IPCM,Q
IPDN,Q
IPGP,Q
IPHS,Q
IPXL,Q
IQNT,Q
IRBT,Q
IRDM,Q
IRDMZ,Q
IRG,Q
IRIX,Q
IROQ,Q
IRWD,Q
ISBC,Q
ISCA,Q
ISHG,Q
ISIG,Q
ISIL,Q
ISIS,Q
ISLE,Q
ISM,Q
ISNS,Q
ISRG,Q
ISRL,Q
ISSC,Q
ISSI,Q
ITIC,Q
ITMN,Q
ITRI,Q
ITRN,Q
IVAC,Q
IVAN,Q
IXYS,Q
JACK,Q
JACQ,Q
JACQU,Q
JACQW,Q
JAKK,Q
JASO,Q
JAXB,Q
JAZZ,Q
JBHT,Q
JBLU,Q
JBSS,Q
JCOM,Q
JCS,Q
JCTCF,Q
JDSU,Q
JFBI,Q
JIVE,Q
JJSF,Q
JKHY,Q
JMBA,Q
JOBS,Q
JOEZ,Q
JOSB,Q
JOUT,Q
JRCC,Q
JRJC,Q
JSM,Q
JST,Q
JTPY,Q
JVA,Q
JXSB,Q
KALU,Q
KBALB,Q
KBIO,Q
KCAP,Q
KCLI,Q
KELYA,Q
KELYB,Q
KEQU,Q
KERX,Q
KEYW,Q
KFFB,Q
KFRC,Q
KGJI,Q
KINS,Q
KIOR,Q
KIPO,Q
KIPS,Q
KIRK,Q
KLAC,Q
KLIC,Q
KMDA,Q
KNDI,Q
KONA,Q
KONE,Q
KONG,Q
KOOL,Q
KOPN,Q
KOSS,Q
KRFT,Q
KRNY,Q
KTCC,Q
KTEC,Q
KTOS,Q
KUTV,Q
KVHI,Q
KWEB,Q
KYTH,Q
LABC,Q
LABL,Q
LACO,Q
LAKE,Q
LAMR,Q
LANC,Q
LAND,Q
LARK,Q
LAWS,Q
LAYN,Q
LBAI,Q
LBIX,Q
LBTYA,Q
LBTYB,Q
LBTYK,Q
LCAV,Q
LCNB,Q
LCUT,Q
LEAP,Q
LECO,Q
LEDS,Q
LFUS,Q
LFVN,Q
LGCY,Q
LGND,Q
LHCG,Q
LIFE,Q
LIME,Q
LINC,Q
LINE,Q
LINTA,Q
LINTB,Q
LION,Q
LIOX,Q
LIQD,Q
LIVE,Q
LIWA,Q
LKFN,Q
LKQ,Q
LLEN,Q
LLNW,Q
LLTC,Q
LMAT,Q
LMCA,Q
LMCB,Q
LMIA,Q
LMNR,Q
LMNX,Q
LMOS,Q
LNBB,Q
LNCE,Q
LNCO,Q
LNDC,Q
LOAN,Q
LOCM,Q
LOGI,Q
LOGM,Q
LOJN,Q
LONG,Q
LOOK,Q
LOPE,Q
LORL,Q
LPDX,Q
LPHI,Q
LPLA,Q
LPNT,Q
LPSB,Q
LPSN,Q
LPTH,Q
LPTN,Q
LQDT,Q
LRAD,Q
LRCX,Q
LSBI,Q
LSBK,Q
LSCC,Q
LSI,Q
LSTR,Q
LTBR,Q
LTON,Q
LTRE,Q
LTRX,Q
LTXC,Q
LULU,Q
LUNA,Q
LVNTA,Q
LVNTB,Q
LWAY,Q
LXRX,Q
LYTS,Q
MACK,Q
MAG,Q
MAGS,Q
MAKO,Q
MAMS,Q
MANH,Q
MANT,Q
MARK,Q
MARPS,Q
MASC,Q
MASI,Q
MAT,Q
MATR,Q
MATW,Q
MAYS,Q
MBFI,Q
MBII,Q
MBIS,Q
MBLX,Q
MBRG,Q
MBTF,Q
MBVT,Q
MBWM,Q
MCBC,Q
MCBI,Q
MCBK,Q
MCEP,Q
MCGC,Q
MCHP,Q
MCHX,Q
MCOX,Q
MCRI,Q
MCRL,Q
MCRS,Q
MDAS,Q
MDCA,Q
MDCI,Q
MDCO,Q
MDIV,Q
MDLZ,Q
MDRX,Q
MDSO,Q
MDVN,Q
MDXG,Q
MEAD,Q
MEAS,Q
MEIL,Q
MEILW,Q
MEILZ,Q
MEIP,Q
MELA,Q
MELI,Q
MEMP,Q
MEMS,Q
MENT,Q
MEOH,Q
MERC,Q
MERU,Q
METR,Q
MFI,Q
MFLR,Q
MFLX,Q
MFNC,Q
MFRI,Q
MFRM,Q
MFSF,Q
MGAM,Q
MGCD,Q
MGEE,Q
MGI,Q
MGIC,Q
MGLN,Q
MGPI,Q
MGRC,Q
MGYR,Q
MHGC,Q
MHLD,Q
MICT,Q
MICTW,Q
MIDD,Q
MIND,Q
MINI,Q
MITK,Q
MITL,Q
MKSI,Q
MKTG,Q
MKTO,Q
MKTX,Q
MLAB,Q
MLHR,Q
MLNK,Q
MLNX,Q
MLVF,Q
MMLP,Q
MMSI,Q
MMYT,Q
MNDL,Q
MNDO,Q
MNGA,Q
MNKD,Q
MNOV,Q
MNRK,Q
MNRO,Q
MNST,Q
MNTA,Q
MNTG,Q
MNTX,Q
MOBI,Q
MOCO,Q
MOFG,Q
MOLX,Q
MOLXA,Q
MORN,Q
MOSY,Q
MOVE,Q
MPAA,Q
MPAC,Q
MPB,Q
MPEL,Q
MPET,Q
MPWR,Q
MRCC,Q
MRCY,Q
MRGE,Q
MRLN,Q
MRTN,Q
MRTX,Q
MRVL,Q
MSBF,Q
MSCC,Q
MSEX,Q
MSFG,Q
MSFT,Q
MSG,Q
MSLI,Q
MSON,Q
MSPD,Q
MSTR,Q
MTEX,Q
MTGE,Q
MTRX,Q
MTSC,Q
MTSI,Q
MTSL,Q
MTSN,Q
MU,Q
MVIS,Q
MWIV,Q
MWRX,Q
MXIM,Q
MXWL,Q
MYGN,Q
MYL,Q
MYRG,Q
MZOR,Q
NAFC,Q
NAII,Q
NANO,Q
NASB,Q
NATH,Q
NATI,Q
NATL,Q
NATR,Q
NAUH,Q
NAVG,Q
NBBC,Q
NBCB,Q
NBIX,Q
NBN,Q
NBS,Q
NBTB,Q
NBTF,Q
NCBC,Q
NCIT,Q
NCLH,Q
NCMI,Q
NCTY,Q
NDAQ,Q
NDLS,Q
NDSN,Q
NECB,Q
NEO,Q
NEOG,Q
NEON,Q
NEPT,Q
NETC,Q
NETE,Q
NEWL,Q
NEWP,Q
NEWS,Q
NEWT,Q
NFBK,Q
NFEC,Q
NFLX,Q
NGPC,Q
NHTB,Q
NICE,Q
NICK,Q
NIHD,Q
NILE,Q
NINE,Q
NKSH,Q
NKTR,Q
NLNK,Q
NLST,Q
NMRX,Q
NNBR,Q
NOVB,Q
NPBC,Q
NPSP,Q
NRCIA,Q
NRCIB,Q
NRIM,Q
NSEC,Q
NSIT,Q
NSPH,Q
NSSC,Q
NSTG,Q
NSYS,Q
NTAP,Q
NTCT,Q
NTES,Q
NTGR,Q
NTIC,Q
NTK,Q
NTLS,Q
NTRI,Q
NTRS,Q
NTSC,Q
NTWK,Q
NUAN,Q
NUCL,Q
NURO,Q
NUTR,Q
NUVA,Q
NVAX,Q
NVDA,Q
NVDQ,Q
NVEC,Q
NVEEU,Q
NVGN,Q
NVMI,Q
NVSL,Q
NVTL,Q
NWBI,Q
NWBO,Q
NWBOW,Q
NWFL,Q
NWLI,Q
NWPX,Q
NWS,Q
NWSA,Q
NXPI,Q
NXST,Q
NXTM,Q
NYMT,Q
NYMTP,Q
NYMX,Q
NYNY,Q
OABC,Q
OBAF,Q
OBAS,Q
OBCI,Q
OCC,Q
OCFC,Q
OCLR,Q
OCLS,Q
OCRX,Q
OCZ,Q
ODFL,Q
OFED,Q
OFIX,Q
OFLX,Q
OFS,Q
OGXI,Q
OHRP,Q
OIIM,Q
OINK,Q
OKSB,Q
OKSBP,Q
OLBK,Q
OLED,Q
OMAB,Q
OMCL,Q
OMED,Q
OMER,Q
OMEX,Q
ONB,Q
ONCY,Q
ONEQ,Q
ONFC,Q
ONNN,Q
ONTX,Q
ONTY,Q
ONVI,Q
ONXX,Q
OPAY,Q
OPEN,Q
OPHC,Q
OPLK,Q
OPOF,Q
OPTR,Q
OPTT,Q
OPXA,Q
ORBC,Q
ORBK,Q
ORBT,Q
OREX,Q
ORIG,Q
ORIT,Q
ORLY,Q
ORMP,Q
ORRF,Q
OSBC,Q
OSBCP,Q
OSHC,Q
OSIR,Q
OSIS,Q
OSM,Q
OSN,Q
OSTK,Q
OSUR,Q
OTEL,Q
OTEX,Q
OTIV,Q
OTTR,Q
OUTR,Q
OVAS,Q
OVBC,Q
OVLY,Q
OVRL,Q
OVTI,Q
OXBT,Q
OXGN,Q
OXLC,Q
OXLCO,Q
OXLCP,Q
OZRK,Q
PAAS,Q
PACB,Q
PACQ,Q
PACQU,Q
PACQW,Q
PACR,Q
PACT,Q
PACW,Q
PAGG,Q
PAMT,Q
PATH,Q
PATK,Q
PATR,Q
PAYX,Q
PBCP,Q
PBCT,Q
PBHC,Q
PBIB,Q
PBIP,Q
PBMD,Q
PBSK,Q
PCAR,Q
PCBK,Q
PCCC,Q
PCH,Q
PCLN,Q
PCMI,Q
PCO,Q
PCOM,Q
PCRX,Q
PCTI,Q
PCYC,Q
PCYO,Q
PDCE,Q
PDCO,Q
PDEX,Q
PDFS,Q
PDII,Q
PDLI,Q
PEBK,Q
PEBO,Q
PEGA,Q
PEIX,Q
PENN,Q
PENX,Q
PEOP,Q
PERF,Q
PERI,Q
PERY,Q
PESI,Q
PETM,Q
PETS,Q
PETX,Q
PFBC,Q
PFBI,Q
PFBX,Q
PFIN,Q
PFLT,Q
PFMT,Q
PFPT,Q
PFSW,Q
PGC,Q
PGNX,Q
PGRX,Q
PGTI,Q
PHII,Q
PHIIK,Q
PHMD,Q
PICO,Q
PKBK,Q
PKOH,Q
PKT,Q
PLAB,Q
PLBC,Q
PLCC,Q
PLCE,Q
PLCM,Q
PLMT,Q
PLNR,Q
PLPC,Q
PLPM,Q
PLTM,Q
PLUG,Q
PLUS,Q
PLXS,Q
PLXT,Q
PMBC,Q
PMCS,Q
PMD,Q
PME,Q
PMFG,Q
PMNA,Q
PMTC,Q
PNBK,Q
PNFP,Q
PNNT,Q
PNQI,Q
PNRA,Q
PNRG,Q
PNTR,Q
PODD,Q
POOL,Q
POPE,Q
POWI,Q
POWL,Q
POZN,Q
PPBI,Q
PPC,Q
PPHM,Q
PRAA,Q
PRAN,Q
PRCP,Q
PRFT,Q
PRFZ,Q
PRGN,Q
PRGS,Q
PRGX,Q
PRIM,Q
PRKR,Q
PRLS,Q
PRMW,Q
PROV,Q
PRPH,Q
PRSC,Q
PRSS,Q
PRTA,Q
PRTS,Q
PRXI,Q
PRXL,Q
PSAU,Q
PSBH,Q
PSCC,Q
PSCD,Q
PSCE,Q
PSCF,Q
PSCH,Q
PSCI,Q
PSCM,Q
PSCT,Q
PSCU,Q
PSDV,Q
PSEC,Q
PSEM,Q
PSIX,Q
PSMI,Q
PSMT,Q
PSTB,Q
PSTI,Q
PSTR,Q
PSUN,Q
PTCT,Q
PTEK,Q
PTEN,Q
PTIE,Q
PTIX,Q
PTLA,Q
PTNR,Q
PTNT,Q
PTRY,Q
PTSI,Q
PTSX,Q
PTX,Q
PULB,Q
PVFC,Q
PVTB,Q
PVTBP,Q
PWOD,Q
PWRD,Q
PWX,Q
PXLW,Q
PZZA,Q
PZZI,Q
QABA,Q
QADA,Q
QADB,Q
QBAK,Q
QCCO,Q
QCLN,Q
QCOM,Q
QCOR,Q
QCRH,Q
QDEL,Q
QGEN,Q
QIWI,Q
QKLS,Q
QLGC,Q
QLIK,Q
QLTI,Q
QLTY,Q
QLYS,Q
QNST,Q
QPACU,Q
QQEW,Q
QQQ,Q
QQQC,Q
QQQX,Q
QQXT,Q
QSII,Q
QTEC,Q
QTWW,Q
QUIK,Q
RADA,Q
RAIL,Q
RAND,Q
RAVN,Q
RBCAA,Q
RBCN,Q
RBPAA,Q
RCII,Q
RCKB,Q
RCKY,Q
RCMT,Q
RCON,Q
RCPT,Q
RDA,Q
RDCM,Q
RDEN,Q
RDHL,Q
RDI,Q
RDIB,Q
RDNT,Q
RDWR,Q
RECN,Q
RECV,Q
REDF,Q
REFR,Q
REGI,Q
REGN,Q
REIS,Q
RELL,Q
RELV,Q
REMY,Q
RENT,Q
REXI,Q
REXX,Q
RFIL,Q
RFMD,Q
RGCO,Q
RGDO,Q
RGDX,Q
RGEN,Q
RGLD,Q
RGLS,Q
RICK,Q
RIGL,Q
RIMG,Q
RITT,Q
RIVR,Q
RJET,Q
RLJE,Q
RLOC,Q
RLOG,Q
RMBS,Q
RMCF,Q
RMGN,Q
RMTI,Q
RNA,Q
RNET,Q
RNST,Q
RNWK,Q
ROCK,Q
ROCM,Q
ROIA,Q
ROIAK,Q
ROIC,Q
ROICU,Q
ROICW,Q
ROLL,Q
ROMA,Q
ROSE,Q
ROSG,Q
ROST,Q
ROVI,Q
ROYL,Q
RP,Q
RPRX,Q
RPRXW,Q
RPRXZ,Q
RPTP,Q
RPXC,Q
RRD,Q
RRGB,Q
RRST,Q
RSOL,Q
RSTI,Q
RSYS,Q
RTEC,Q
RTIX,Q
RTK,Q
RUDR,Q
RUE,Q
RUSHA,Q
RUSHB,Q
RUTH,Q
RVBD,Q
RVLT,Q
RVSB,Q
RYAAY,Q
SAAS,Q
SAEX,Q
SAFM,Q
SAFT,Q
SAIA,Q
SAL,Q
SALE,Q
SALM,Q
SAMG,Q
SANM,Q
SANW,Q
SANWZ,Q
SAPE,Q
SASR,Q
SATS,Q
SAVE,Q
SBAC,Q
SBBX,Q
SBCF,Q
SBFG,Q
SBGI,Q
SBLK,Q
SBNY,Q
SBNYW,Q
SBRA,Q
SBRAP,Q
SBSA,Q
SBSI,Q
SBUX,Q
SCBT,Q
SCHL,Q
SCHN,Q
SCLN,Q
SCMP,Q
SCOK,Q
SCON,Q
SCOR,Q
SCSC,Q
SCSS,Q
SCTY,Q
SCVL,Q
SEAC,Q
SEED,Q
SEIC,Q
SENEA,Q
SENEB,Q
SEV,Q
SFBC,Q
SFLY,Q
SFM,Q
SFNC,Q
SFST,Q
SGC,Q
SGEN,Q
SGI,Q
SGMA,Q
SGMO,Q
SGMS,Q
SGNT,Q
SGOC,Q
SGRP,Q
SGYP,Q
SGYPU,Q
SGYPW,Q
SHBI,Q
SHEN,Q
SHFL,Q
SHIP,Q
SHLD,Q
SHLM,Q
SHLO,Q
SHOO,Q
SHOR,Q
SHOS,Q
SHPG,Q
SIAL,Q
SIBC,Q
SIEB,Q
SIFI,Q
SIFY,Q
SIGA,Q
SIGI,Q
SIGM,Q
SILC,Q
SIMG,Q
SIMO,Q
SINA,Q
SINO,Q
SIRI,Q
SIRO,Q
SIVB,Q
SIVBO,Q
SKBI,Q
SKUL,Q
SKYW,Q
SKYY,Q
SLAB,Q
SLGN,Q
SLM,Q
SLMAP,Q
SLMBP,Q
SLP,Q
SLRC,Q
SLTC,Q
SLTM,Q
SLVO,Q
SLXP,Q
SMBC,Q
SMCI,Q
SMED,Q
SMIT,Q
SMMF,Q
SMPL,Q
SMRT,Q
SMSI,Q
SMT,Q
SMTC,Q
SMTX,Q
SNAK,Q
SNBC,Q
SNCR,Q
SNDK,Q
SNFCA,Q
SNHY,Q
SNMX,Q
SNPS,Q
SNSS,Q
SNTA,Q
SNTS,Q
SOCB,Q
SOCL,Q
SODA,Q
SOFO,Q
SOHO,Q
SOHU,Q
SONA,Q
SONC,Q
SONS,Q
SORL,Q
SOXX,Q
SPAN,Q
SPAR,Q
SPBC,Q
SPCHA,Q
SPCHB,Q
SPDC,Q
SPEX,Q
SPHS,Q
SPIL,Q
SPLK,Q
SPLS,Q
SPNC,Q
SPNS,Q
SPPI,Q
SPPR,Q
SPPRO,Q
SPPRP,Q
SPRD,Q
SPRO,Q
SPRT,Q
SPSC,Q
SPTN,Q
SPU,Q
SPWR,Q
SQI,Q
SQNM,Q
SQQQ,Q
SRCE,Q
SRCL,Q
SRDX,Q
SREV,Q
SRPT,Q
SSBI,Q
SSFN,Q
SSH,Q
SSNC,Q
SSRI,Q
SSYS,Q
STAA,Q
STAN,Q
STB,Q
STBA,Q
STBZ,Q
STCK,Q
STEC,Q
STEI,Q
STEL,Q
STEM,Q
STFC,Q
STKL,Q
STLD,Q
STLY,Q
STML,Q
STMP,Q
STND,Q
STNR,Q
STRA,Q
STRL,Q
STRM,Q
STRN,Q
STRS,Q
STRT,Q
STRZA,Q
STRZB,Q
STSA,Q
STSI,Q
STX,Q
STXS,Q
SUBK,Q
SUMR,Q
SUNS,Q
SUPN,Q
SUPX,Q
SURG,Q
SUSQ,Q
SUTR,Q
SVA,Q
SVBI,Q
SVNT,Q
SVVC,Q
SWHC,Q
SWIR,Q
SWKS,Q
SWSH,Q
SYBT,Q
SYBTP,Q
SYKE,Q
SYMC,Q
SYMM,Q
SYMX,Q
SYNA,Q
SYNC,Q
SYNL,Q
SYNM,Q
SYNT,Q
SYPR,Q
SYUT,Q
SZYM,Q
TACT,Q
TAIT,Q
TASR,Q
TAST,Q
TATT,Q
TAX,Q
TAXI,Q
TAYC,Q
TAYCO,Q
TAYCP,Q
TAYD,Q
TBAC,Q
TBBK,Q
TBNK,Q
TBOW,Q
TCBI,Q
TCBIL,Q
TCBIP,Q
TCBIW,Q
TCBK,Q
TCCO,Q
TCPC,Q
TCRD,Q
TDIV,Q
TEAR,Q
TECD,Q
TECH,Q
TECUA,Q
TECUB,Q
TELK,Q
TESO,Q
TESS,Q
TFCO,Q
TFM,Q
TFSL,Q
TGA,Q
TGE,Q
TGTX,Q
THFF,Q
THLD,Q
THOR,Q
THRD,Q
THRM,Q
THRX,Q
THST,Q
THTI,Q
TIBX,Q
TICC,Q
TIGR,Q
TILE,Q
TINY,Q
TIPT,Q
TISA,Q
TITN,Q
TIVO,Q
TKMR,Q
TLAB,Q
TLF,Q
TMNG,Q
TNAV,Q
TNGO,Q
TNXP,Q
TOFC,Q
TOPS,Q
TORM,Q
TOWN,Q
TQNT,Q
TQQQ,Q
TRAK,Q
TRCB,Q
TREE,Q
TRGT,Q
TRIB,Q
TRIP,Q
TRIT,Q
TRMB,Q
TRMK,Q
TRNS,Q
TRNX,Q
TROV,Q
TROVU,Q
TROVW,Q
TROW,Q
TRS,Q
TRST,Q
TSBK,Q
TSC,Q
TSCO,Q
TSEM,Q
TSLA,Q
TSPT,Q
TSRA,Q
TSRE,Q
TSRI,Q
TSRO,Q
TST,Q
TSYS,Q
TTEC,Q
TTEK,Q
TTGT,Q
TTHI,Q
TTMI,Q
TTPH,Q
TTS,Q
TTWO,Q
TUES,Q
TWER,Q
TWGP,Q
TWIN,Q
TWMC,Q
TWTC,Q
TXN,Q
TXRH,Q
TYPE,Q
TZOO,Q
UACL,Q
UBCP,Q
UBFO,Q
UBIC,Q
UBNK,Q
UBNT,Q
UBOH,Q
UBSH,Q
UBSI,Q
UCBA,Q
UCBI,Q
UCFC,Q
UCTT,Q
UEIC,Q
UEPS,Q
UFCS,Q
UFPI,Q
UFPT,Q
UG,Q
UHAL,Q
UIHC,Q
ULBI,Q
ULTA,Q
ULTI,Q
ULTR,Q
UMBF,Q
UMPQ,Q
UNAM,Q
UNB,Q
UNFI,Q
UNIS,Q
UNTD,Q
UNTK,Q
UNTY,Q
UNXL,Q
UPI,Q
UPIP,Q
URBN,Q
URRE,Q
USAK,Q
USAP,Q
USAT,Q
USATP,Q
USATZ,Q
USBI,Q
USCR,Q
USEG,Q
USLM,Q
USMD,Q
USMO,Q
USTR,Q
UTEK,Q
UTHR,Q
UTIW,Q
UTMD,Q
UTSI,Q
UVSP,Q
VALU,Q
VASC,Q
VBFC,Q
VCBI,Q
VCIT,Q
VCLK,Q
VCLT,Q
VCSH,Q
VDSI,Q
VECO,Q
VELT,Q
VGIT,Q
VGLT,Q
VGSH,Q
VIA,Q
VIAB,Q
VIAS,Q
VICL,Q
VICR,Q
VIDE,Q
VIFL,Q
VIMC,Q
VIP,Q
VIRC,Q
VISN,Q
VITC,Q
VIVO,Q
VLCCF,Q
VLGEA,Q
VLTC,Q
VLTR,Q
VLYWW,Q
VMBS,Q
VNDA,Q
VNET,Q
VNQI,Q
VNR,Q
VNRAP,Q
VOCS,Q
VOD,Q
VOLC,Q
VONE,Q
VONG,Q
VONV,Q
VOXX,Q
VPFG,Q
VPHM,Q
VPRT,Q
VRA,Q
VRML,Q
VRNG,Q
VRNGW,Q
VRNM,Q
VRNT,Q
VRSK,Q
VRSN,Q
VRTA,Q
VRTB,Q
VRTS,Q
VRTU,Q
VRTX,Q
VSAT,Q
VSBN,Q
VSCI,Q
VSCP,Q
VSEC,Q
VSTM,Q
VTHR,Q
VTIP,Q
VTNC,Q
VTNR,Q
VTSS,Q
VTUS,Q
VTWG,Q
VTWO,Q
VTWV,Q
VVTV,Q
VVUS,Q
VWOB,Q
VXUS,Q
VYFC,Q
WABC,Q
WAFD,Q
WAFDW,Q
WASH,Q
WAVX,Q
WAYN,Q
WBB,Q
WBCO,Q
WBKC,Q
WBMD,Q
WCRX,Q
WDC,Q
WDFC,Q
WEBK,Q
WEN,Q
WERN,Q
WETF,Q
WEYS,Q
WFBI,Q
WFD,Q
WFM,Q
WHF,Q
WHFBL,Q
WHLR,Q
WIBC,Q
WIFI,Q
WILC,Q
WILN,Q
WIN,Q
WINA,Q
WIRE,Q
WLB,Q
WLBPZ,Q
WLDN,Q
WLFC,Q
WMAR,Q
WMGI,Q
WMGIZ,Q
WOOD,Q
WOOF,Q
WPCS,Q
WPPGY,Q
WPRT,Q
WRES,Q
WRLD,Q
WSBC,Q
WSBF,Q
WSCI,Q
WSFS,Q
WSFSL,Q
WSTC,Q
WSTG,Q
WSTL,Q
WTBA,Q
WTFC,Q
WTFCW,Q
WTSL,Q
WVFC,Q
WVVI,Q
WWD,Q
WWWW,Q
WYNN,Q
XBKS,Q
XGTI,Q
XGTIW,Q
XLNX,Q
XNPT,Q
XOMA,Q
XONE,Q
XOOM,Q
XPLR,Q
XRAY,Q
XRSC,Q
XRTX,Q
XTEX,Q
XTLB,Q
XTXI,Q
XWES,Q
XXIA,Q
YDIV,Q
YDKN,Q
YHOO,Q
YNDX,Q
YOD,Q
YONG,Q
YORW,Q
YRCW,Q
YY,Q
Z,Q
ZAGG,Q
ZAZA,Q
ZBRA,Q
ZEUS,Q
ZGNX,Q
ZHNE,Q
ZIGO,Q
ZINC,Q
ZION,Q
ZIONW,Q
ZIONZ,Q
ZIOP,Q
ZIPR,Q
ZIXI,Q
ZJZZT,Q
ZLCS,Q
ZLTQ,Q
ZN,Q
ZNGA,Q
ZOLT,Q
ZOOM,Q
ZUMZ,Q
ZVZZT,Q
ZWZZT,Q
ZXZZT,Q
,
A,N
AA,N
AA_,A
AADR,P
AAMC,A
AAN,N
AAP,N
AAT,N
AAU,A
AAV,N
AAZ_K,N
AB,N
ABB,N
ABBV,N
ABC,N
ABG,N
ABI,P
ABM,N
ABR,N
ABR_A,N
ABR_B,N
ABT,N
ABV,N
ABV.C,N
ABW_B,N
ABX,N
ACC,N
ACCO,N
ACCU,P
ACE,N
ACG,N
ACH,N
ACI,N
ACIM,P
ACM,N
ACMP,N
ACN,N
ACO,N
ACP,N
ACRE,N
ACT,N
ACTV,N
ACU,A
ACW,N
ACWV,P
ACY,A
ADC,N
ADGE,A
ADK,A
ADK_A,A
ADM,N
ADS,N
ADT,N
ADX,N
ADZ,P
AE,A
AEB,N
AEC,N
AED,N
AEE,N
AEF,N
AEG,N
AEH,N
AEK,N
AEL,N
AEM,N
AEO,N
AEP,N
AER,N
AES,N
AES_C,N
AET,N
AEV,N
AF,N
AF_C,N
AFA,N
AFB,N
AFC,N
AFG,N
AFK,P
AFL,N
AFM,N
AFQ,N
AFSD,N
AFSI_A,N
AFT,N
AFW,N
AG,N
AGA,P
AGC,N
AGCO,N
AGD,N
AGEM,P
AGF,P
AGG,P
AGI,N
AGLS,P
AGM,N
AGM_A,N
AGM.A,N
AGN,N
AGO,N
AGO_B,N
AGO_E,N
AGO_F,N
AGOL,P
AGQ,P
AGRO,N
AGU,N
AGX,A
AGZ,P
AH,N
AHC,N
AHH,N
AHL,N
AHL_A,N
AHL_B,N
AHL_C,N
AHS,N
AHT,N
AHT_A,N
AHT_D,N
AHT_E,N
AHY,P
AI,N
AIA,P
AIB,N
AIF,N
AIG,N
AIG.W,N
AIN,N
AIR,N
AIRI,A
AIT,N
AIV,N
AIV_Z,N
AIW,N
AIY,N
AIZ,N
AJB,P
AJG,N
AKG,A
AKO.A,N
AKO.B,N
AKP,N
AKR,N
AKS,N
AL,N
ALB,N
ALD,P
ALDW,N
ALE,N
ALEX,N
ALFA,P
ALG,N
ALJ,N
ALK,N
ALL,N
ALL_A,N
ALL_B,N
ALLY_A,N
ALLY_B,N
ALN,A
ALP_N,N
ALP_O,N
ALP_P,N
ALR,N
ALR_B,N
ALSN,N
ALTL,P
ALTV,A
ALU,N
ALV,N
ALX,N
AMBO,N
AMCO,A
AMD,N
AME,N
AMG,N
AMH,N
AMID,N
AMJ,P
AMLP,P
AMP,N
AMP_A,N
AMPE,A
AMPS,P
AMRC,N
AMRE,N
AMS,A
AMT,N
AMTD,N
AMTG,N
AMTG_A,N
AMU,P
AMX,N
AN,N
AND,P
ANF,N
ANFI,N
ANGL,P
ANH,N
ANH_A,N
ANH_B,N
ANN,N
ANR,N
ANV,A
ANW,N
AOA,P
AOD,N
AOI,N
AOK,P
AOL,N
AOM,P
AON,N
AOR,P
AOS,N
AP,N
APA,N
APAM,N
APB,N
APC,N
APD,N
APF,N
APH,N
API,A
APL,N
APO,N
APP,A
APT,A
APTS,A
APU,N
AQQ,A
ARB,N
ARC,N
ARCO,N
ARDC,N
ARE,N
ARE_E,N
ARG,N
ARGT,P
ARH_C,N
ARI,N
ARI_A,N
ARK,N
ARL,N
ARN,N
ARO,N
ARP,N
ARPI,N
ARR,N
ARR_A,N
ARR_B,N
ARR.W,A
ARSD,N
ARU,N
ARW,N
ARX,N
ARY,N
ASA,N
ASC,N
ASEA,P
ASG,N
ASGN,N
ASH,N
ASI,N
ASM,A
ASP,N
ASR,N
ASX,N
AT,N
ATA,P
ATE,N
ATHL,N
ATI,N
ATK,N
ATL,A
ATLS,N
ATMP,P
ATO,N
ATR,N
ATU,N
ATV,N
ATW,N
AU,N
AU_A,N
AUD,P
AUMN,A
AUNZ,P
AUO,N
AUQ,N
AUSE,P
AUY,N
AV,N
AVA,N
AVB,N
AVD,N
AVG,N
AVIV,N
AVK,N
AVL,A
AVP,N
AVT,N
AVV,N
AVX,N
AVY,N
AWC,N
AWF,N
AWH,N
AWI,N
AWK,N
AWP,N
AWR,N
AWX,A
AXDI,P
AXE,N
AXEN,P
AXHE,P
AXID,P
AXIT,P
AXJL,P
AXL,N
AXLL,N
AXMT,P
AXN,A
AXP,N
AXR,N
AXS,N
AXS_C,N
AXS_D,N
AXSL,P
AXTE,P
AXU,A
AXUT,P
AXX,A
AYI,N
AYN,N
AYR,N
AYT,P
AZC,A
AZIA,P
AZN,N
AZO,N
AZZ,N
B,N
BA,N
BAA,A
BAB,P
BABS,P
BABZ,P
BAC,N
BAC_D,N
BAC_E,N
BAC_I,N
BAC_L,N
BAC_Z,N
BAC.A,N
BAC.B,N
BAF,N
BAH,N
BAK,N
BAL,P
BALT,N
BAM,N
BAP,N
BARL,P
BAS,N
BAX,N
BBD,N
BBDO,N
BBF,N
BBG,N
BBH,P
BBK,N
BBL,N
BBN,N
BBRC,P
BBT,N
BBT_D,N
BBT_E,N
BBT_F,N
BBT_G,N
BBVA,N
BBW,N
BBX,N
BBY,N
BC,N
BCA,N
BCC,N
BCE,N
BCEI,N
BCF,N
BCH,N
BCM,P
BCO,N
BCR,N
BCS,N
BCS_,N
BCS_A,N
BCS_C,N
BCS_D,N
BCV,A
BCX,N
BDC,N
BDCL,P
BDCS,P
BDD,P
BDG,P
BDJ,N
BDL,A
BDN,N
BDN_E,N
BDR,A
BDX,N
BEAM,N
BEE,N
BEE_A,N
BEE_B,N
BEE_C,N
BEN,N
BEP,N
BERY,N
BF.A,N
BF.B,N
BFAM,N
BFK,N
BFO,N
BFOR,P
BFR,N
BFS,N
BFS_A,N
BFS_C,N
BFY,A
BFZ,N
BG,N
BGB,N
BGC,N
BGCA,N
BGE_B,N
BGG,N
BGH,N
BGR,N
BGS,N
BGT,N
BGX,N
BGY,N
BH,N
BH.W,N
BHB,A
BHD,N
BHE,N
BHI,N
BHK,N
BHL,N
BHLB,N
BHP,N
BHV,A
BHY,N
BID,N
BIE,N
BIF,N
BIG,N
BIK,P
BIL,P
BIN,N
BIO,N
BIO.B,N
BIOA,N
BIOA.W,N
BIP,N
BIR_A,A
BIT,N
BITA,N
BIV,P
BIZD,P
BJK,P
BJZ,N
BK,N
BK_C,N
BKD,N
BKE,N
BKF,P
BKH,N
BKJ,A
BKK,N
BKLN,P
BKN,N
BKR,A
BKS,N
BKT,N
BKU,N
BKW,N
BLC,N
BLE,A
BLH,N
BLJ,A
BLK,N
BLL,N
BLNG,P
BLOX,N
BLT,N
BLV,P
BLW,N
BLX,N
BMA,N
BME,N
BMI,N
BMJ,A
BML_G,N
BML_H,N
BML_I,N
BML_J,N
BML_L,N
BMO,N
BMR,N
BMS,N
BMY,N
BNA,N
BND,P
BNJ,N
BNNY,N
BNO,P
BNS,N
BNY,N
BOE,N
BOH,N
BOI,N
BOIL,P
BOM,P
BOND,P
BONE,A
BONO,P
BORN,N
BOS,P
BOXC,N
BP,N
BPI,N
BPK,N
BPL,N
BPO,N
BPS,A
BPT,N
BPY,N
BPZ,N
BQH,N
BQR,N
BQY,A
BR,N
BRAF,P
BRAQ,P
BRAZ,P
BRC,N
BRD,A
BRE,N
BRE_D,N
BRF,P
BRFS,N
BRK.A,N
BRK.B,N
BRN,A
BRO,N
BRP,N
BRS,N
BRSS,N
BRT,N
BRXX,P
BRY,N
BRZS,P
BRZU,P
BSAC,N
BSBR,N
BSCD,P
BSCE,P
BSCF,P
BSCG,P
BSCH,P
BSCI,P
BSCJ,P
BSCK,P
BSCL,P
BSCM,P
BSD,N
BSE,N
BSI,N
BSJD,P
BSJE,P
BSJF,P
BSJG,P
BSJH,P
BSJI,P
BSL,N
BSMX,N
BSP,N
BSV,P
BSX,N
BT,N
BTA,N
BTAL,P
BTE,N
BTF,N
BTG,A
BTH,N
BTI,A
BTN,A
BTO,N
BTT,N
BTU,N
BTX,A
BTZ,N
BUD,N
BUI,N
BUND,P
BUNL,P
BUNT,P
BVN,N
BVX,A
BWA,N
BWC,N
BWG,N
BWL.A,A
BWP,N
BWS,N
BWV,P
BWX,P
BWZ,P
BX,N
BXC,N
BXDB,P
BXE,A
BXMT,N
BXP,N
BXP_B,N
BXS,N
BXUB,P
BXUC,P
BYD,N
BYI,N
BYM,N
BZ,N
BZC,A
BZF,P
BZH,N
BZM,A
BZQ,P
BZT,N
C,N
C_C,N
C_E,N
C_N,N
C_P,N
C_Q,N
C_R,N
C_S,N
C.A,N
C.B,N
CAB,N
CACI,N
CAD,P
CAE,N
CAF,N
CAFE,P
CAG,N
CAH,N
CAJ,N
CAK,A
CALX,N
CAM,N
CANE,P
CAP,N
CAPE,P
CAS,N
CAT,N
CATO,N
CAW,A
CB,N
CBA,N
CBB,N
CBB_B,N
CBD,N
CBG,N
CBI,N
CBK,N
CBL,N
CBL_D,N
CBL_E,N
CBM,N
CBND,P
CBO,N
CBR,N
CBS,N
CBS.A,N
CBT,N
CBU,N
CBX,N
CBZ,N
CCA,A
CCC,N
CCE,N
CCF,A
CCG,N
CCG_A,N
CCH,N
CCI,N
CCJ,N
CCK,N
CCL,N
CCM,N
CCO,N
CCSC,N
CCU,N
CCV,N
CCX,P
CCXE,P
CCZ,N
CDE,N
CDE.W,N
CDI,N
CDR,N
CDR_B,N
CDY,A
CE,N
CEA,N
CEB,N
CEC,N
CEE,N
CEF,A
CEL,N
CEM,N
CEMB,Z
CEO,N
CEP,A
CET,A
CEV,A
CEW,P
CF,N
CFC_A,N
CFC_B,N
CFD,A
CFI,N
CFN,N
CFP,A
CFR,N
CFR_A,N
CFT,P
CFX,N
CGA,N
CGG,N
CGI,N
CGR,A
CGW,P
CGX,N
CH,A
CHA,N
CHC,N
CHC.W,N
CHD,N
CHE,N
CHEP,P
CHGS,A
CHH,N
CHIE,P
CHII,P
CHIM,P
CHIQ,P
CHIX,P
CHK,N
CHK_D,N
CHKR,N
CHL,N
CHLC,P
CHMT,N
CHN,N
CHOC,P
CHS,N
CHSP,N
CHSP_A,N
CHT,N
CHU,N
CHXX,P
CI,N
CIA,N
CIB,N
CIE,N
CIF,N
CIG,N
CIG.C,N
CII,N
CIK,A
CIM,N
CIR,N
CIS,N
CIT,N
CIU,P
CIX,A
CJES,N
CKH,N
CKP,N
CKX,A
CL,N
CLB,N
CLC,N
CLD,N
CLDT,N
CLF,N
CLGX,N
CLH,N
CLI,N
CLM,A
CLNY,N
CLNY_A,N
CLP,N
CLR,N
CLS,N
CLV,N
CLW,N
CLX,N
CLY,P
CM,N
CMA,N
CMA.W,N
CMBS,P
CMC,N
CMD,P
CMDT,P
CMF,P
CMFO,A
CMG,N
CMI,N
CMK,N
CMLP,N
CMN,N
CMO,N
CMO_E,N
CMP,N
CMRE,N
CMRE_B,N
CMS,N
CMS_B,N
CMT,A
CMU,N
CNA,N
CNC,N
CNCO,N
CNDA,P
CNH,N
CNI,N
CNK,N
CNL,N
CNO,N
CNP,N
CNPF,P
CNQ,N
CNR,A
CNS,N
CNW,N
CNX,N
CNY,P
CO,N
COBO,P
CODE,N
CODI,N
COF,N
COF_P,N
COF.W,N
COG,N
COH,N
COL,N
COLE,N
COLX,P
COO,N
COP,N
COPX,P
COR,N
COR_A,N
CORN,P
CORP,P
CORR,N
COT,N
COTY,N
COV,N
COVR,A
COW,P
COY,N
CP,N
CPA,N
CPAC,N
CPB,N
CPE,N
CPE_A,N
CPER,P
CPF,N
CPHI,A
CPI,P
CPK,N
CPL,N
CPN,N
CPT,N
CQB,N
CQP,A
CQQQ,P
CR,N
CRBQ,P
CRD.A,N
CRD.B,N
CRF,A
CRH,N
CRI,N
CRK,N
CRL,N
CRM,N
CRMD,A
CRMD.W,A
CROC,P
CROP,P
CRR,N
CRS,N
CRT,N
CRUD,P
CRV,A
CRVP,A
CRY,N
CS,N
CSC,N
CSCB,P
CSCR,P
CSD,P
CSE,N
CSFS,N
CSG,N
CSH,N
CSI,N
CSJ,P
CSL,N
CSLS,P
CSM,P
CSMA,P
CSMB,P
CSMN,P
CSP,N
CSS,N
CST,N
CSTM,N
CSU,N
CSV,N
CSX,N
CTB,N
CTC,N
CTF,A
CTL,N
CTNN,P
CTO,A
CTP,A
CTQ,N
CTR,N
CTS,N
CTU,N
CTW,N
CTX,N
CTY,N
CTZ_A,N
CUB,N
CUBE,N
CUBE_A,N
CUK,N
CUO,A
CUPM,P
CUR,A
CURE,P
CUT,P
CUZ,N
CUZ_B,N
CVA,N
CVB,N
CVC,N
CVD,N
CVE,N
CVG,N
CVI,N
CVM,A
CVO,N
CVOL,P
CVR,A
CVRR,N
CVS,N
CVT,N
CVU,A
CVX,N
CVY,P
CW,N
CWB,P
CWH,N
CWH_D,N
CWH_E,N
CWHN,N
CWHO,N
CWI,P
CWT,N
CWZ,N
CX,N
CXA,P
CXE,N
CXH,N
CXM,A
CXO,N
CXW,N
CYB,P
CYD,N
CYE,N
CYH,N
CYN,N
CYN_C,N
CYNI,N
CYS,N
CYS_A,N
CYS_B,N
CYT,N
CZA,P
CZZ,N
D,N
DAC,N
DAG,P
DAL,N
DAN,N
DANG,N
DAR,N
DATA,N
DB,N
DBA,P
DBB,P
DBBR,P
DBC,P
DBD,N
DBE,P
DBEF,P
DBEM,P
DBGR,P
DBIZ,P
DBJP,P
DBL,N
DBO,P
DBP,P
DBS,P
DBU,P
DBV,P
DCA,N
DCE,N
DCI,N
DCM,N
DCNG,P
DCO,N
DCT,N
DCUA,N
DCUB,N
DD,N
DD_A,N
DD_B,N
DDC,N
DDD,N
DDE,N
DDF,N
DDG,P
DDM,P
DDP,P
DDR,N
DDR_H,N
DDR_J,N
DDR_K,N
DDS,N
DDT,N
DDZ_K,N
DE,N
DEE,P
DEF,P
DEFL,P
DEG,N
DEI,N
DEJ,A
DEL,N
DEM,P
DEO,N
DES,P
DEW,P
DEX,N
DF,N
DFE,P
DFF,P
DFJ,P
DFP,N
DFS,N
DFS_B,N
DFT,N
DFT_A,N
DFT_B,N
DFVL,P
DFVS,P
DG,N
DGAZ,P
DGI,N
DGL,P
DGLD,P
DGP,P
DGS,P
DGSE,A
DGT,P
DGX,N
DGZ,P
DHF,N
DHG,N
DHI,N
DHR,N
DHS,P
DHT,N
DHX,N
DHY,A
DIA,P
DIG,P
DIM,P
DIN,N
DIRT,P
DIS,N
DIT,A
DIV,P
DJCI,P
DJP,P
DK,N
DKL,N
DKS,N
DKT,N
DL,N
DLA,A
DLB,N
DLBL,P
DLBS,P
DLN,P
DLPH,N
DLR,N
DLR_E,N
DLR_F,N
DLR_G,N
DLS,P
DLX,N
DM,N
DM_B,N
DMB,N
DMD,N
DMF,A
DMO,N
DNB,N
DNI,N
DNL,P
DNN,A
DNO,P
DNP,N
DNR,N
DNY,N
DO,N
DOC,N
DOD,P
DOG,P
DOIL,P
DOL,P
DOLE,N
DOM,N
DON,P
DOO,P
DOOR,N
DOV,N
DOW,N
DOX,N
DPD,N
DPG,N
DPK,P
DPM,N
DPO,N
DPS,N
DPU,P
DPW,A
DPZ,N
DQ,N
DRC,N
DRD,N
DRE,N
DRE_J,N
DRE_K,N
DRE_L,N
DRGS,P
DRH,N
DRI,N
DRII,N
DRL,N
DRN,P
DRQ,N
DRR,P
DRU,N
DRV,P
DRW,P
DSI,P
DSL,N
DSLV,P
DSM,N
DSS,A
DST,N
DSTJ,P
DSU,N
DSUM,P
DSW,N
DSX,N
DSXJ,P
DTD,P
DTE,N
DTF,N
DTH,P
DTK,N
DTN,P
DTO,P
DTQ,N
DTT,N
DTUL,P
DTUS,P
DTYL,P
DTYS,P
DTZ,N
DUA,N
DUC,N
DUG,P
DUK,N
DUKH,N
DUST,P
DV,N
DVA,N
DVD,N
DVM,N
DVN,N
DVR,N
DVY,P
DVYA,P
DVYE,P
DVYL,P
DW,N
DWAS,P
DWM,P
DWRE,N
DWTI,P
DWX,P
DX,N
DX_A,N
DX_B,N
DXB,N
DXD,P
DXJ,P
DXR,A
DY,N
DYN,N
DYN.W,N
DYY,P
DZK,P
DZZ,P
E,N
EAA,N
EAB,N
EAD,A
EAE,N
EAPS,P
EARN,N
EAT,N
EBF,N
EBND,P
EBR,N
EBR.B,N
EBS,N
EC,N
ECA,N
ECF,A
ECH,P
ECL,N
ECNS,P
ECOM,N
ECON,P
ECT,N
ED,N
EDC,P
EDD,N
EDE,N
EDEN,Z
EDF,N
EDG,N
EDI,N
EDIV,P
EDN,N
EDR,N
EDT,N
EDU,N
EDV,P
EDZ,P
EE,N
EEA,N
EEB,P
EEH,P
EEHB,P
EELV,P
EEM,P
EEMS,P
EEMV,P
EEP,N
EEQ,N
EES,P
EET,P
EEV,P
EFA,P
EFAV,P
EFC,N
EFF,N
EFG,P
EFM,N
EFNL,Z
EFO,P
EFR,N
EFT,N
EFU,P
EFV,P
EFX,N
EFZ,P
EGAS,A
EGF,N
EGI,A
EGL,N
EGN,N
EGO,N
EGP,N
EGPT,P
EGY,N
EHI,N
EIA,A
EIDO,P
EIG,N
EIM,A
EIO,A
EIP,A
EIRL,P
EIS,P
EIV,A
EIX,N
EJ,N
EL,N
ELA,N
ELB,N
ELD,P
ELJ,N
ELLI,N
ELLO,A
ELMD,A
ELN,N
ELP,N
ELS,N
ELS_C,N
ELU,N
ELX,N
ELY,N
EMAN,A
EMB,P
EMC,N
EMCD,P
EMCR,P
EMD,N
EMDD,P
EMDG,P
EME,N
EMES,N
EMF,N
EMFT,P
EMHD,P
EMHY,Z
EMI,A
EMJ,A
EMLB,P
EMLC,P
EMLP,P
EMN,N
EMO,N
EMQ,N
EMR,N
EMSA,P
EMT,P
EMXX,A
EMZ,N
ENB,N
END,N
ENGN,P
ENH,N
ENH_A,N
ENH_B,N
ENI,N
ENJ,N
ENL,N
ENOR,Z
ENR,N
ENS,N
ENV,N
ENX,A
ENY,P
ENZ,N
ENZL,P
EOC,N
EOD,N
EOG,N
EOI,N
EOS,N
EOT,N
EOX,A
EP_C,N
EPAM,N
EPB,N
EPD,N
EPHE,P
EPI,P
EPL,N
EPM,A
EPM_A,A
EPOL,P
EPP,P
EPR,N
EPR_C,N
EPR_E,N
EPR_F,N
EPS,P
EPU,P
EPV,P
EQL,P
EQM,N
EQR,N
EQS,N
EQT,N
EQU,N
EQY,N
ERA,N
ERB,A
ERC,A
ERF,N
ERH,A
ERJ,N
ERO,P
ERUS,P
ERX,P
ERY,P
ESC,N
ESD,N
ESE,N
ESI,N
ESL,N
ESP,A
ESR,P
ESS,N
ESS_H,N
ESTE,A
ESV,N
ETAK,A
ETB,N
ETE,N
ETF,A
ETG,N
ETH,N
ETJ,N
ETM,N
ETN,N
ETO,N
ETP,N
ETR,N
ETUA,A
ETUB,A
ETV,N
ETW,N
ETX,N
ETY,N
EU,P
EUFX,P
EUM,P
EUO,P
EUSA,P
EV,N
EVBN,A
EVC,N
EVER,N
EVER_A,N
EVF,N
EVG,N
EVHC,N
EVI,A
EVJ,A
EVK,A
EVM,A
EVN,N
EVO,A
EVP,A
EVR,N
EVT,N
EVTC,N
EVV,A
EVX,P
EVY,A
EW,N
EWA,P
EWAS,Z
EWC,P
EWCS,Z
EWD,P
EWEM,P
EWG,P
EWGS,Z
EWH,P
EWHS,P
EWI,P
EWJ,P
EWK,P
EWL,P
EWM,P
EWN,P
EWO,P
EWP,P
EWQ,P
EWRI,P
EWRM,P
EWRS,P
EWS,P
EWSS,P
EWT,P
EWU,P
EWUS,Z
EWV,P
EWW,P
EWX,P
EWY,P
EWZ,P
EWZS,P
EXAM,N
EXAR,N
EXC,N
EXD,N
EXE,A
EXG,N
EXH,N
EXI,P
EXK,N
EXL,N
EXL_B,N
EXP,N
EXPR,N
EXR,N
EXT,P
EZA,P
EZJ,P
EZM,P
EZU,P
EZY,P
F,N
FAB,P
FAC,N
FAD,P
FAF,N
FAM,N
FAN,P
FAS,P
FAUS,P
FAV,N
FAX,A
FAZ,P
FBC,N
FBG,P
FBHS,N
FBP,N
FBR,N
FBS_A,N
FBT,P
FBZ,P
FC,N
FCA,P
FCAN,P
FCE.A,N
FCE.B,N
FCF,N
FCG,P
FCH,N
FCH_A,N
FCH_C,N
FCN,N
FCO,A
FCS,N
FCSC,A
FCT,N
FCX,N
FCY,N
FDD,P
FDI,N
FDL,P
FDM,P
FDN,P
FDO,N
FDP,N
FDS,N
FDT,P
FDTS,P
FDX,N
FE,N
FEEU,P
FEI,N
FEM,P
FEMS,P
FEN,A
FENG,N
FEO,N
FEP,P
FET,N
FEU,P
FEX,P
FEZ,P
FF,N
FFA,N
FFC,N
FFG,N
FFR,P
FFZ_K,N
FGB,N
FGD,P
FGEM,P
FGM,P
FGP,N
FHK,P
FHN,N
FHN_A,N
FHY,N
FI,N
FICO,N
FIEU,P
FIF,N
FIG,N
FIGY,P
FII,N
FILL,P
FINF,P
FINU,P
FINZ,P
FIO,N
FIS,N
FIVZ,P
FIW,P
FIX,N
FJP,P
FKO,P
FKU,P
FL,N
FLAG,P
FLAT,P
FLC,N
FLM,P
FLN,P
FLO,N
FLOT,P
FLR,N
FLRN,P
FLS,N
FLT,N
FLTR,P
FLTX,N
FLY,N
FM,P
FMC,N
FMD,N
FMER_A,N
FMF,P
FMK,P
FMN,N
FMO,N
FMS,N
FMX,N
FMY,N
FN,N
FNB,N
FNDA,P
FNDB,P
FNDC,P
FNDE,P
FNDF,P
FNDX,P
FNF,N
FNFG_B,N
FNI,P
FNIO,P
FNK,P
FNP,N
FNV,N
FNX,P
FNY,P
FOE,N
FOF,N
FOIL,P
FOL,P
FOR,N
FORX,P
FPA,P
FPE,P
FPF,N
FPO,N
FPO_A,N
FPP,A
FPP.W,A
FPT,N
FPX,P
FR,N
FRA,N
FRAK,P
FRC,N
FRC_A,N
FRC_B,N
FRC_C,N
FRC_D,N
FRD,A
FRF,N
FRI,P
FRM,N
FRN,P
FRO,N
FRS,A
FRT,N
FRX,N
FSA,P
FSCE,N
FSD,N
FSE,P
FSG,P
FSI,A
FSL,N
FSM,N
FSP,A
FSS,N
FST,N
FSU,P
FSZ,P
FT,N
FTA,P
FTC,P
FTF,A
FTI,N
FTK,N
FTT,N
FTW,P
FTY,P
FU,A
FUD,P
FUE,P
FUL,N
FUN,N
FUR,N
FUR_D,N
FVD,P
FVE,N
FVI,P
FVL,P
FWDB,P
FWDD,P
FWDI,P
FWV,A
FXA,P
FXB,P
FXC,P
FXCH,P
FXCM,N
FXD,P
FXE,P
FXF,P
FXG,P
FXH,P
FXI,P
FXL,P
FXN,P
FXO,P
FXP,P
FXR,P
FXS,P
FXSG,P
FXU,P
FXY,P
FXZ,P
FYC,P
FYT,P
FYX,P
G,N
GA,N
GAB,N
GAB_D,N
GAB_G,N
GAB_H,N
GAF,P
GAL,P
GAM,N
GAM_B,N
GAS,N
GASL,P
GASX,P
GASZ,P
GAT,N
GAZ,P
GB,N
GBAB,N
GBB,P
GBF,P
GBL,N
GBR,A
GBX,N
GCA,N
GCAP,N
GCC,P
GCE,P
GCH,N
GCI,N
GCO,N
GCV,N
GCV_B,N
GD,N
GDAY,P
GDF,N
GDL,N
GDL_B,N
GDO,N
GDOT,N
GDP,N
GDP_C,N
GDP_D,N
GDV,N
GDV_A,N
GDV_D,N
GDX,P
GDXJ,P
GE,N
GEB,N
GEF,N
GEF.B,N
GEH,N
GEK,N
GEL,N
GEMS,P
GEO,N
GEQ,N
GERJ,P
GES,N
GEX,P
GF,N
GFA,N
GFF,N
GFI,N
GFIG,N
GFY,N
GG,N
GGB,N
GGE,N
GGEM,P
GGG,N
GGGG,P
GGM,N
GGN,A
GGN_B,A
GGOV,P
GGP,N
GGP_A,N
GGS,N
GGT,N
GGT_B,N
GHI,N
GHL,N
GHM,A
GHY,N
GHYG,Z
GIB,N
GIG,A
GII,P
GIL,N
GIM,N
GIMO,N
GIS,N
GIVE,P
GIY,P
GJH,N
GJJ,N
GJK,N
GJO,N
GJP,N
GJR,N
GJS,N
GJT,N
GJV,N
GKM,N
GLD,P
GLDX,P
GLF,N
GLL,P
GLO,A
GLOG,N
GLOW,A
GLP,N
GLQ,A
GLT,N
GLTR,P
GLU,A
GLU_A,A
GLV,A
GLW,N
GM,N
GM_B,N
GM.A,N
GM.B,N
GM.W,N
GMA,N
GME,N
GMED,N
GMF,P
GMFS,P
GMK,N
GML,P
GMM,P
GMMB,P
GMO,A
GMT,N
GMTB,P
GNAT,P
GNC,N
GNE,N
GNE_A,N
GNI,N
GNK,N
GNR,P
GNRC,N
GNT,N
GNW,N
GOF,N
GOL,N
GOM,N
GORO,A
GOV,N
GOVT,P
GPC,N
GPE_A,N
GPI,N
GPK,N
GPL,A
GPM,N
GPN,N
GPS,N
GPT,N
GPT_A,N
GPX,N
GRA,N
GRAM,N
GRC,A
GREK,P
GRES,P
GRF,A
GRH,A
GRH_C,A
GRI,P
GRN,P
GRO,N
GRP.U,N
GRR,N
GRT,N
GRT_G,N
GRT_H,N
GRT_I,N
GRU,P
GRWN,P
GRX,N
GRX_A,N
GS,N
GS_A,N
GS_B,N
GS_C,N
GS_D,N
GS_I,N
GS_J,N
GSAX,P
GSB,A
GSC,P
GSE,N
GSF,N
GSG,P
GSGO,P
GSH,N
GSI,N
GSJ,N
GSK,N
GSL,N
GSMA,P
GSP,P
GSRA,P
GSS,A
GST,A
GST_A,A
GSV,A
GSY,P
GTAA,P
GTE,A
GTI,N
GTIP,P
GTN,N
GTN.A,N
GTS,N
GTT,A
GTU,A
GTY,N
GUA,N
GUNR,P
GUR,P
GURU,P
GUT,N
GUT_A,N
GV,A
GVA,N
GVI,P
GVP,A
GVT,P
GWAY,N
GWL,P
GWR,N
GWRE,N
GWRU,N
GWW,N
GWX,P
GXC,P
GXF,P
GXG,P
GXP,N
GXP_A,N
GXP_D,N
GXP_E,N
GY,N
GYB,N
GYC,N
GYLD,P
GZT,N
H,N
HAE,N
HAL,N
HAO,P
HAP,P
HAR,N
HASI,N
HAV,N
HBA_D,N
HBA_F,N
HBA_G,N
HBA_H,N
HBA_Z,N
HBC,N
HBC_A,N
HBI,N
HBM,N
HCA,N
HCC,N
HCI,N
HCJ,N
HCLP,N
HCN,N
HCN_I,N
HCN_J,N
HCP,N
HCS,N
HCS_B,N
HD,N
HDB,N
HDG,P
HDGE,P
HDGI,P
HDV,P
HDY,N
HE,N
HE_U,N
HEB,A
HECO,P
HEDJ,P
HEI,N
HEI.A,N
HEP,N
HEQ,N
HES,N
HEVY,P
HF,N
HFC,N
HGEM,P
HGG,N
HGH,N
HGI,P
HGR,N
HGT,N
HH,A
HHC,N
HHS,N
HHY,N
HI,N
HIG,N
HIG.W,N
HIH,N
HII,N
HIL,N
HILO,P
HIO,N
HIS,N
HIW,N
HIX,N
HJJ,N
HJN,N
HJR,N
HJV,N
HK,N
HL,N
HL_B,N
HLF,N
HLM_,A
HLS,N
HLX,N
HMA,N
HMC,N
HME,N
HMG,A
HMH,N
HMN,N
HMY,N
HNI,N
HNP,N
HNR,N
HNT,N
HNW,A
HOG,N
HON,N
HOS,N
HOT,N
HOV,N
HOVU,N
HP,N
HPF,N
HPI,N
HPP,N
HPP_B,N
HPQ,N
HPS,N
HPT,N
HPT_D,N
HPY,N
HQH,N
HQL,N
HR,N
HRB,N
HRC,N
HRG,N
HRL,N
HRS,N
HRT,A
HSA,N
HSBC_B,N
HSC,N
HSH,N
HSP,N
HSPX,P
HST,N
HSY,N
HT,N
HT_B,N
HT_C,N
HTA,N
HTD,N
HTF,N
HTGC,N
HTGY,N
HTGZ,N
HTH,N
HTM,A
HTR,N
HTS,N
HTS_A,N
HTSI,N
HTY,N
HTZ,N
HUB.A,N
HUB.B,N
HUM,N
HUN,N
HUSA,A
HUSE,P
HVB,N
HVPW,P
HVT,N
HVT.A,N
HW,N
HWG,A
HXL,N
HXM,N
HY,N
HYB,N
HYD,P
HYEM,P
HYF,N
HYG,P
HYHG,Z
HYI,N
HYL,N
HYLD,P
HYMB,P
HYS,P
HYT,N
HYV,N
HYXU,Z
HZO,N
I,N
I_A,N
IAE,N
IAF,A
IAG,N
IAI,P
IAK,P
IAT,P
IAU,P
IBA,N
IBCB,P
IBCC,P
IBCD,P
IBCE,P
IBDA,P
IBDB,P
IBDC,P
IBDD,P
IBIO,A
IBM,N
IBN,N
IBND,P
IBO,A
ICA,N
ICB,N
ICE,N
ICF,P
ICH,A
ICI,P
ICN,P
ICOL,P
IDA,N
IDE,N
IDG,N
IDHB,P
IDHQ,P
IDI,A
IDI.W,A
IDLV,P
IDN,A
IDOG,P
IDT,N
IDU,P
IDV,P
IDX,P
IDXJ,P
IEC,A
IEF,P
IEFA,P
IEH,N
IEI,P
IELG,P
IEMG,P
IEO,P
IESM,P
IEV,P
IEX,N
IEZ,P
IF,A
IFF,N
IFMI,A
IFN,N
IFT,N
IG,A
IGA,N
IGC,A
IGC.W,A
IGD,N
IGE,P
IGEM,P
IGF,P
IGI,N
IGK,N
IGM,P
IGN,P
IGR,N
IGS,P
IGT,N
IGU,P
IGV,P
IGZ,P
IHC,N
IHD,N
IHE,P
IHF,P
IHG,N
IHI,P
IHS,N
IHT,A
IHY,P
IID,N
IIF,N
IIM,N
IIZ_K,N
IJH,P
IJJ,P
IJK,P
IJR,P
IJS,P
IJT,P
IL,N
ILB,P
ILF,P
ILTB,P
IM,N
IMAX,N
IMF,N
IMH,A
IMLP,P
IMN,N
IMO,A
IMPV,N
IMUC,A
IN,N
INB,N
INCO,P
IND,N
INDA,Z
INDL,P
INF,N
INFL,P
INFU,A
INFY,N
ING,N
INGR,N
INKM,P
INN,N
INN_A,N
INN_B,N
INN_C,N
INO,A
INP,P
INR,P
INS,A
INT,N
INUV,A
INVN,N
INXN,N
INXX,P
INY,P
INZ,N
IO,N
IOC,N
IOIL,P
IOO,P
IOT,A
IP,N
IPB,A
IPD,P
IPE,P
IPF,P
IPFF,P
IPG,N
IPHI,N
IPI,N
IPK,P
IPL_D,N
IPLT,P
IPN,P
IPS,P
IPU,P
IPW,P
IQDE,P
IQDF,P
IQDY,P
IQI,N
IR,N
IRC,N
IRC_A,N
IRE,N
IRET,N
IRET_,N
IRET_B,N
IRF,N
IRL,N
IRM,N
IRR,N
IRS,N
IRT,A
IRV,P
IRY,P
ISD,N
ISF,N
ISG,N
ISH,N
ISH_A,N
ISH_B,N
ISL,A
ISP,N
ISR,A
ISRA,P
ISS,N
IST,P
ISTB,P
IT,N
ITA,P
ITB,P
ITC,N
ITE,P
ITF,P
ITG,N
ITI,A
ITIP,P
ITLT,P
ITLY,P
ITM,P
ITOT,P
ITR,P
ITT,N
ITUB,N
ITW,N
IVC,N
IVE,P
IVH,N
IVOG,P
IVOO,P
IVOP,P
IVOV,P
IVR,N
IVR_A,N
IVV,P
IVW,P
IVZ,N
IWB,P
IWC,P
IWD,P
IWF,P
IWL,P
IWM,P
IWN,P
IWO,P
IWP,P
IWR,P
IWS,P
IWV,P
IWW,P
IWX,P
IWY,P
IWZ,P
IX,N
IXC,P
IXG,P
IXJ,P
IXN,P
IXP,P
IXUS,P
IYC,P
IYE,P
IYF,P
IYG,P
IYH,P
IYJ,P
IYK,P
IYLD,Z
IYM,P
IYR,P
IYT,P
IYW,P
IYY,P
IYZ,P
JAH,N
JBI,N
JBJ,N
JBK,N
JBL,N
JBN,N
JBO,N
JBR,N
JBT,N
JCE,N
JCI,N
JCP,N
JDD,N
JE,N
JEC,N
JEM,P
JEQ,N
JFC,N
JFR,N
JFT,P
JGBD,P
JGBL,P
JGBS,P
JGBT,P
JGG,N
JGT,N
JGV,N
JHI,N
JHP,N
JHS,N
JHX,N
JJA,P
JJC,P
JJE,P
JJG,P
JJM,P
JJN,P
JJP,P
JJS,P
JJT,P
JJU,P
JKD,P
JKE,P
JKF,P
JKG,P
JKH,P
JKI,P
JKJ,P
JKK,P
JKL,P
JKS,N
JLA,N
JLL,N
JLS,N
JMF,N
JMI,N
JMP,N
JMPB,N
JMT,N
JNJ,N
JNK,P
JNPR,N
JNS,N
JNY,N
JO,P
JOB,A
JOE,N
JOF,N
JONE,N
JOY,N
JPC,N
JPG,N
JPI,N
JPM,N
JPM_A,N
JPM_C,N
JPM_D,N
JPM.W,N
JPNL,P
JPNS,P
JPP,P
JPS,N
JPW,N
JPX,P
JPZ,N
JQC,N
JRI,N
JRN,N
JRO,N
JRS,A
JSC,P
JSD,N
JSN,N
JTA,N
JTD,N
JTP,N
JUNR,P
JW.A,N
JW.B,N
JWN,N
JXI,P
JYN,P
JZC,N
JZJ,N
JZK,N
JZL,N
JZT,N
JZV,N
K,N
KAI,N
KAMN,N
KAP,N
KAR,N
KB,N
KBE,P
KBH,N
KBR,N
KBWB,P
KBWC,P
KBWD,P
KBWI,P
KBWP,P
KBWR,P
KBWX,P
KBWY,P
KCC,N
KCE,P
KCG,N
KDN,N
KED,N
KEF,N
KEG,N
KEM,N
KEP,N
KEX,N
KEY,N
KEY_G,N
KF,N
KFH,N
KFI,N
KFN,N
KFN_,N
KFS,N
KFY,N
KFYP,P
KGC,N
KHI,N
KID,N
KIE,P
KIM,N
KIM_H,N
KIM_I,N
KIM_J,N
KIM_K,N
KIO,N
KKD,N
KKR,N
KLD,P
KMB,N
KME,P
KMF,N
KMG,N
KMI,N
KMI.W,N
KMM,N
KMP,N
KMPR,N
KMR,N
KMT,N
KMX,N
KND,N
KNL,N
KNM,N
KNOP,N
KNOW,P
KNX,N
KO,N
KOF,N
KOG,N
KOL,P
KOLD,P
KOP,N
KORS,N
KORU,P
KORZ,P
KOS,N
KR,N
KRA,N
KRC,N
KRC_G,N
KRC_H,N
KRE,P
KRG,N
KRG_A,N
KRO,N
KROO,P
KRS,P
KRU,P
KS,N
KSM,N
KSS,N
KST,N
KSU,N
KSU_,N
KT,N
KTF,N
KTH,N
KTN,N
KTP,N
KW,N
KWK,N
KWN,N
KWR,N
KWT,P
KXI,P
KYE,N
KYN,N
KYN_E,N
KYN_F,N
KYO,N
L,N
LAD,N
LAG,P
LAQ,A
LAS,N
LATM,P
LAZ,N
LBF,N
LBJ,P
LBND,P
LBY,A
LCC,N
LCI,A
LCM,N
LD,P
LDF,N
LDK,N
LDL,N
LDP,N
LDR,N
LEA,N
LEDD,P
LEE,N
LEG,N
LEI,A
LEMB,P
LEN,N
LEN.B,N
LEO,N
LF,N
LFC,N
LFL,N
LG,N
LGEM,P
LGF,N
LGI,N
LGL,A
LGL.W,A
LGLV,P
LGP,N
LH,N
LHO,N
LHO_G,N
LHO_H,N
LHO_I,N
LII,N
LIN,N
LIT,P
LITB,N
LL,N
LLL,N
LLY,N
LM,N
LMT,N
LNC,N
LNC.W,N
LND,N
LNG,A
LNKD,N
LNN,N
LNT,N
LO,N
LOCK,N
LODE,A
LON,A
LOR,N
LOV,A
LOW,N
LPI,N
LPL,N
LPLT,P
LPR,N
LPS,N
LPX,N
LQD,P
LRE,N
LRN,N
LRY,N
LSC,P
LSE,N
LSE_A,N
LSE_B,N
LSE_C,N
LSG,A
LSTK,P
LTC,N
LTD,N
LTL,P
LTM,N
LTPZ,P
LTS,A
LTS_A,A
LUB,N
LUK,N
LUV,N
LUX,N
LVB,N
LVL,P
LVLT,N
LVS,N
LWC,P
LXFR,N
LXFT,N
LXK,N
LXP,N
LXP_C,N
LXU,N
LYB,N
LYG,N
LYG_A,N
LYV,N
LZB,N
M,N
MA,N
MAA,N
MAB,A
MAC,N
MAIN,N
MAN,N
MANU,N
MAR,N
MAS,N
MATH,P
MATL,P
MATX,N
MAV,N
MBB,P
MBC,P
MBF,P
MBG,P
MBI,N
MBT,N
MCA,N
MCC,N
MCD,N
MCF,A
MCHI,P
MCI,N
MCK,N
MCN,N
MCO,N
MCP,N
MCP_A,N
MCQ,N
MCR,N
MCRO,P
MCS,N
MCV,N
MCY,N
MCZ,A
MD,N
MDC,N
MDD,P
MDGN,A
MDGN.W,A
MDM,A
MDP,N
MDR,N
MDT,N
MDU,N
MDW,A
MDY,P
MDYG,P
MDYV,P
MEA,A
MED,N
MEET,A
MEG,N
MEI,N
MEN,N
MER_D,N
MER_E,N
MER_F,N
MER_K,N
MER_M,N
MER_P,N
MES,P
MET,N
MET_A,N
MET_B,N
MFA,N
MFA_B,N
MFB,N
MFC,N
MFD,N
MFG,N
MFL,N
MFLA,P
MFM,N
MFO,N
MFSA,P
MFT,N
MFV,N
MG,N
MGA,N
MGC,P
MGF,N
MGH,A
MGJ,P
MGK,P
MGM,N
MGN,A
MGR,N
MGT,A
MGU,N
MGV,P
MH_A,N
MHC,P
MHD,N
MHE,A
MHF,N
MHFI,N
MHH,A
MHI,N
MHK,N
MHM,P
MHN,N
MHNA,N
MHNB,N
MHO,N
MHO_A,N
MHR,N
MHR_C,A
MHR_D,A
MHR_E,A
MHW,P
MHY,N
MIC,N
MIDU,P
MIDZ,P
MIE,N
MIG,N
MIL,N
MILL,N
MILL_C,N
MIN,N
MINC,P
MINT,P
MITT,N
MITT_A,N
MITT_B,N
MIW,A
MIXT,N
MIY,N
MJC,P
MJI,N
MJN,N
MKC,N
MKC.V,N
MKL,N
MKN,P
MKZ,P
MLA,P
MLG,N
MLI,N
MLM,N
MLN,P
MLP,N
MLPA,P
MLPG,P
MLPI,P
MLPJ,P
MLPL,P
MLPN,P
MLPS,P
MLPW,P
MLPX,P
MLPY,P
MLR,N
MLU,N
MM,N
MMC,N
MMD,N
MMF,P
MMM,N
MMP,N
MMS,N
MMT,N
MMTM,P
MMU,N
MMV,A
MMZ_K,A
MN,N
MNA,P
MNE,N
MNI,N
MNK,N
MNP,N
MNR,N
MNR_A,N
MNR_B,N
MO,N
MOAT,P
MOC,A
MOD,N
MODN,N
MOG.A,N
MOG.B,N
MOH,N
MOL,P
MOM,P
MON,N
MONY,P
MOO,P
MORL,P
MORT,P
MOS,N
MOU,P
MOV,N
MP_D,N
MPA,N
MPC,N
MPE,P
MPG,N
MPG_A,N
MPLX,N
MPO,N
MPV,N
MPW,N
MPX,N
MQT,N
MQY,N
MR,N
MRC,N
MRF,N
MRGR,Z
MRH,N
MRH_A,N
MRIN,N
MRK,N
MRO,N
MS,N
MS_A,N
MSA,N
MSB,N
MSC,P
MSCA,N
MSCI,N
MSD,N
MSF,N
MSI,N
MSJ,N
MSK,N
MSL,A
MSM,N
MSN,A
MSO,N
MSP,N
MSTX,A
MSXX,P
MSZ,N
MT,N
MTB,N
MTB_,N
MTB_A,N
MTB_C,N
MTB.W,N
MTCN,N
MTD,N
MTDR,N
MTG,N
MTH,N
MTK,P
MTL,N
MTL_,N
MTN,N
MTOR,N
MTR,N
MTRN,N
MTS,N
MTT,N
MTU,N
MTUM,P
MTW,N
MTX,N
MTY,P
MTZ,N
MUA,N
MUAC,P
MUAD,P
MUAE,P
MUAF,P
MUAG,P
MUB,P
MUC,N
MUE,N
MUH,N
MUI,N
MUJ,N
MUK,P
MUNI,P
MUR,N
MUS,N
MUSA,N
MUX,N
MVC,N
MVCB,N
MVF,A
MVG,A
MVO,N
MVT,N
MVV,P
MW,N
MWA,N
MWE,N
MWG,N
MWO,N
MWR,N
MWV,N
MWW,N
MX,N
MXA,A
MXC,A
MXE,N
MXF,N
MXI,P
MXL,N
MXN,A
MXT,N
MY,N
MYC,N
MYD,N
MYE,N
MYF,N
MYI,N
MYJ,N
MYM,N
MYN,N
MYP,P
MYY,P
MZA,A
MZF,N
MZZ,P
N,N
NAC,N
NAD,N
NAD_C,N
NAGS,P
NAI,N
NAK,A
NAN,N
NAN_C,N
NAN_D,N
NASH,P
NAT,N
NAV,N
NAV_D,N
NAVB,A
NAZ,N
NAZ_C,A
NAZ_D,N
NBB,N
NBD,N
NBG,N
NBG_A,N
NBH,A
NBHC,N
NBL,N
NBO,A
NBR,N
NBW,A
NBY,A
NC,N
NCA,N
NCB,A
NCI,N
NCO,N
NCP,N
NCQ,A
NCR,N
NCS,N
NCT,N
NCT_B,N
NCT_C,N
NCT_D,N
NCU,A
NCU_C,N
NCV,N
NCZ,N
NDP,N
NDRO,N
NDZ,N
NE,N
NEA,A
NEA_C,N
NED,N
NEE,N
NEE_C,N
NEE_F,N
NEE_G,N
NEE_H,N
NEE_I,N
NEE_J,N
NEE_O,N
NEM,N
NEN,A
NES,N
NEU,N
NEV,N
NFG,N
NFJ,N
NFO,P
NFX,N
NG,A
NGD,A
NGE,P
NGG,N
NGL,N
NGLS,N
NGS,N
NGVC,N
NGX,A
NGX_C,N
NGZ,N
NHC,A
NHC_A,A
NHF,N
NHI,N
NHS,A
NI,N
NIB,P
NID,N
NIE,N
NIM,N
NINI,P
NIO,N
NIQ,N
NJ,N
NJR,N
NJV,A
NKA,N
NKE,N
NKG,A
NKG_C,N
NKG_D,N
NKG_E,A
NKX,A
NKY,P
NL,N
NLP,A
NLR,P
NLS,N
NLSN,N
NLY,N
NLY_A,N
NLY_C,N
NLY_D,N
NM,N
NMA,N
NMB,A
NMB_C,A
NMFC,N
NMI,N
NMK_B,N
NMK_C,N
NML,A
NMM,N
NMO,N
NMR,N
NMT,N
NMT_C,N
NMT_D,N
NMY,N
NMY_C,N
NMY_D,N
NMY_E,N
NMY_F,N
NMY_G,N
NMY_H,N
NMZ,A
NNA,N
NNC,N
NNC_C,N
NNC_D,N
NNC_E,N
NNC_F,N
NNC_G,N
NNI,N
NNJ,N
NNN,N
NNN_D,N
NNN_E,N
NNP,N
NNY,N
NOA,N
NOAH,N
NOC,N
NOG,A
NOK,N
NOM,A
NOM_C,N
NOR,N
NORW,P
NOV,N
NOW,N
NP,N
NPD,N
NPF,N
NPI,N
NPK,N
NPM,N
NPN,A
NPO,N
NPP,N
NPT,N
NPTN,N
NPV,N
NPY,N
NQ,N
NQC,N
NQI,N
NQJ,N
NQM,N
NQP,N
NQS,N
NQU,N
NR,N
NRF,N
NRF_A,N
NRF_B,N
NRF_C,N
NRF_D,N
NRG,N
NRGM,N
NRGY,N
NRK,A
NRK_C,N
NRO,A
NRP,N
NRT,N
NRZ,N
NS,N
NSC,N
NSH,N
NSL,N
NSLP,N
NSM,N
NSP,N
NSPR,A
NSR,N
NSS,N
NSU,A
NTC,N
NTC_C,N
NTC_D,N
NTC_E,N
NTC_F,N
NTC_G,N
NTE,N
NTG,N
NTI,N
NTL,N
NTN,A
NTS,A
NTT,N
NTX,N
NTX_C,N
NTZ,N
NU,N
NUC,N
NUE,N
NUGT,P
NUJ,A
NUJ_C,N
NUM,N
NUM_C,A
NUO,N
NUO_A,A
NUO_C,N
NUO_D,A
NUS,N
NUV,N
NUW,N
NVC,N
NVE,N
NVG,A
NVG_C,N
NVO,N
NVR,N
NVS,N
NVX,A
NVY,A
NVY_C,N
NW_C,N
NWE,N
NWL,N
NWN,N
NWY,N
NX,N
NXC,N
NXJ,A
NXK,A
NXK_C,N
NXM,A
NXM_C,N
NXN,N
NXP,N
NXQ,N
NXR,N
NXZ,A
NY,P
NYC,P
NYCB,N
NYCB_U,N
NYF,P
NYH,A
NYLD,N
NYT,N
NYV,A
NYX,N
NZF,A
NZF_C,N
NZH,A
NZH_A,N
NZH_B,N
NZH_C,N
O,N
O_E,N
O_F,N
OAK,N
OAKS,N
OAS,N
OB,N
OBT,A
OC,N
OC.B,N
OCN,N
OCR,N
OCR_A,N
OCR_B,N
ODC,N
ODP,N
OEF,P
OEH,N
OESX,A
OFC,N
OFC_H,N
OFC_L,N
OFF,P
OFG,N
OFG_A,N
OFG_B,N
OFG_D,N
OGE,N
OGEM,P
OGEN,A
OHI,N
OI,N
OIA,N
OIBR,N
OIBR.C,N
OIH,P
OII,N
OIL,P
OILT,N
OILZ,P
OIS,N
OKE,N
OKS,N
OLEM,P
OLN,N
OLO,P
OLP,N
OMC,N
OME,N
OMG,N
OMI,N
OMN,N
OMX,N
ONE,N
ONEF,P
ONEK,P
ONG,P
ONN,P
ONP,A
ONVO,A
OOZ_K,A
OPK,N
OPY,N
ORA,N
ORAN,N
ORB,N
ORC,A
ORCL,N
ORI,N
ORM,A
ORN,N
OSK,N
OWW,N
OXF,N
OXM,N
OXY,N
OZM,N
P,N
PAA,N
PAC,N
PACD,N
PAF,P
PAG,N
PAI,N
PAL,A
PALL,P
PAM,N
PANW,N
PAR,N
PAY,N
PB,N
PBA,N
PBD,P
PBE,P
PBF,N
PBH,N
PBI,N
PBI_A,N
PBI_B,N
PBJ,P
PBM,A
PBNY,N
PBP,P
PBR,N
PBR.A,N
PBS,P
PBT,N
PBW,P
PBY,N
PBYI,N
PCC,A
PCEF,P
PCF,N
PCG,N
PCG_A,A
PCG_B,A
PCG_C,A
PCG_D,A
PCG_E,A
PCG_G,A
PCG_H,A
PCG_I,A
PCI,N
PCK,N
PCL,N
PCM,N
PCN,N
PCP,N
PCQ,N
PCY,P
PCYG,A
PDH,N
PDI,N
PDM,N
PDN,P
PDO,A
PDP,P
PDS,N
PDT,N
PEB,N
PEB_A,N
PEB_B,N
PEB_C,N
PED,A
PEG,N
PEI,N
PEI_A,N
PEI_B,N
PEJ,P
PEK,P
PEO,N
PEP,N
PER,N
PERM,P
PES,N
PEX,Z
PEY,P
PEZ,P
PF,N
PFD,N
PFE,N
PFEM,P
PFF,P
PFG,N
PFG_B,N
PFH,N
PFI,P
PFIG,P
PFK,N
PFL,N
PFM,P
PFN,N
PFO,N
PFS,N
PFSI,N
PFX,N
PFXF,P
PG,N
PGD,P
PGEM,N
PGF,P
PGH,N
PGHY,P
PGI,N
PGJ,P
PGM,P
PGP,N
PGR,N
PGX,P
PGZ,N
PH,N
PHA,N
PHB,P
PHD,N
PHDG,P
PHF,A
PHG,N
PHH,N
PHI,N
PHK,N
PHM,N
PHO,P
PHT,N
PHX,N
PHYS,P
PICB,P
PICK,P
PID,P
PIE,P
PII,N
PIKE,N
PIM,N
PIN,P
PIO,P
PIP,A
PIQ,P
PIR,N
PIY,N
PIZ,P
PJA,N
PJC,N
PJH,N
PJL,N
PJP,P
PJS,N
PKB,P
PKD,N
PKE,N
PKG,N
PKH,N
PKI,N
PKO,N
PKW,P
PKX,N
PKY,N
PL,N
PL_B,N
PL_C,N
PL_E,N
PLD,N
PLG,A
PLL,N
PLM,A
PLND,P
PLOW,N
PLP,N
PLT,N
PLW,P
PLX,A
PM,N
PMC,N
PMF,N
PML,N
PMM,N
PMO,N
PMR,P
PMT,N
PMX,N
PNC,N
PNC_P,N
PNC_Q,N
PNC.W,N
PNF,N
PNG,N
PNI,N
PNK,N
PNM,N
PNR,N
PNTA,N
PNW,N
PNX,N
PNY,N
POL,N
POM,N
POR,N
POST,N
POT,N
POWR,N
PPA,P
PPG,N
PPH,P
PPL,N
PPL_W,N
PPLT,P
PPO,N
PPP,N
PPR,N
PPS,N
PPS_A,N
PPT,N
PPX,N
PQ,N
PRA,N
PRB,P
PRE,N
PRE_D,N
PRE_E,N
PRE_F,N
PRF,P
PRGO,N
PRH,N
PRI,N
PRIS,N
PRIS.B,N
PRK,A
PRLB,N
PRN,P
PRO,N
PRU,N
PRY,N
PSA,N
PSA_O,N
PSA_P,N
PSA_Q,N
PSA_R,N
PSA_S,N
PSA_T,N
PSA_U,N
PSA_V,N
PSA_W,N
PSA_X,N
PSB,N
PSB_R,N
PSB_S,N
PSB_T,N
PSB_U,N
PSB_V,N
PSE,N
PSF,N
PSI,P
PSJ,P
PSK,P
PSL,P
PSLV,P
PSO,N
PSP,P
PSQ,P
PSR,P
PST,P
PSX,N
PSXP,N
PT,N
PTF,P
PTGI,N
PTH,P
PTM,P
PTN,A
PTP,N
PTR,N
PTY,N
PUI,P
PUK,N
PUK_,N
PUK_A,N
PULS,N
PUW,P
PVA,N
PVD,N
PVG,N
PVH,N
PVI,P
PVR,N
PVTD,N
PW,A
PWB,P
PWC,P
PWE,N
PWO,P
PWR,N
PWV,P
PWZ,P
PX,N
PXD,N
PXE,P
PXF,P
PXH,P
PXI,P
PXJ,P
PXLC,P
PXLG,P
PXLV,P
PXMC,P
PXMG,P
PXMV,P
PXN,P
PXQ,P
PXR,P
PXSC,P
PXSG,P
PXSV,P
PYB,N
PYC,N
PYK,N
PYN,N
PYS,N
PYT,N
PYV,N
PYY,N
PYZ,P
PZA,P
PZB,N
PZC,N
PZD,P
PZE,N
PZG,A
PZI,P
PZN,N
PZT,P
Q,N
QAI,P
QDEF,P
QDF,P
QDYN,P
QEH,P
QEP,N
QEPM,N
QGEM,P
QID,P
QIHU,N
QLD,P
QLTA,P
QLTB,Z
QLTC,Z
QMM,A
QMN,P
QQQE,P
QQZ_K,A
QRE,N
QRM,A
QTM,N
QUAD,N
QUAL,P
R,N
RAD,N
RAI,N
RALS,P
RALY,N
RAS,N
RAS_A,N
RAS_B,N
RAS_C,N
RATE,N
RAVI,P
RAX,N
RBA,N
RBC,N
RBL,P
RBS,N
RBS_E,N
RBS_F,N
RBS_G,N
RBS_H,N
RBS_I,N
RBS_L,N
RBS_M,N
RBS_N,N
RBS_P,N
RBS_Q,N
RBS_R,N
RBS_S,N
RBS_T,N
RBY,A
RCAP,N
RCD,P
RCG,A
RCI,N
RCL,N
RCS,N
RDC,N
RDN,N
RDS.A,N
RDS.B,N
RDY,N
RE,N
REE,A
REED,A
REG,N
REG_F,N
REG_G,N
REI,A
REK,P
REM,P
REMX,P
REN,N
REN.W,N
RENN,N
RES,N
RESI,N
RETL,P
REV,N
REW,P
REX,N
REXR,N
REZ,P
RF,N
RF_A,N
RFG,P
RFI,N
RFP,N
RFV,P
RGA,N
RGC,N
RGI,P
RGP,N
RGR,N
RGRA,P
RGRC,P
RGRE,P
RGRI,P
RGRP,P
RGS,N
RH,N
RHI,N
RHP,N
RHS,P
RHT,N
RIC,A
RIF,A
RIG,N
RINF,P
RING,P
RIO,N
RIOM,N
RIT,N
RJA,P
RJD,N
RJF,N
RJI,P
RJN,P
RJZ,P
RKH,P
RKT,N
RKUS,N
RL,N
RLD,N
RLGT,A
RLGY,N
RLH,N
RLH_A,N
RLI,N
RLJ,N
RLY,P
RM,N
RMD,N
RMT,N
RNDY,N
RNE,N
RNF,N
RNN,A
RNO,N
RNP,N
RNR,N
RNR_C,N
RNR_E,N
ROC,N
ROG,N
ROK,N
ROL,N
ROLA,P
ROM,P
ROOF,P
ROP,N
ROX,A
ROYT,N
RPAI,N
RPAI_A,N
RPG,P
RPI,A
RPM,N
RPT,N
RPT_D,N
RPV,P
RPX,P
RQI,N
RRC,N
RRF,P
RRGR,P
RRMS,N
RRTS,N
RS,N
RSCO,P
RSE,N
RSG,N
RSH,N
RSO,N
RSO_A,N
RSO_B,N
RSP,P
RST,N
RSX,P
RSXJ,P
RT,N
RTH,P
RTI,N
RTL,P
RTLA,P
RTM,P
RTN,N
RTR,P
RUK,N
RUSL,P
RUSS,P
RVM,A
RVNU,P
RVP,A
RVT,N
RWC,A
RWG,P
RWJ,P
RWK,P
RWL,P
RWM,P
RWO,P
RWR,P
RWT,N
RWV,P
RWW,P
RWX,P
RWXL,P
RXD,P
RXI,P
RXL,P
RXN,N
RY,N
RYE,P
RYF,P
RYH,P
RYJ,P
RYL,N
RYN,N
RYT,P
RYU,P
RZA,N
RZG,P
RZV,P
S,N
SA,N
SAA,P
SAGG,P
SAH,N
SAI,N
SAM,N
SAN,N
SAN_A,N
SAN_B,N
SAN_C,N
SAN_E,N
SAN_F,N
SAN_I,N
SAND,A
SAP,N
SAQ,N
SAR,N
SARA,A
SB,N
SB_B,N
SBB,P
SBGL,N
SBH,N
SBI,A
SBM,P
SBND,P
SBR,N
SBS,N
SBV,P
SBW,N
SBY,N
SCC,P
SCCO,N
SCD,N
SCE_B,A
SCE_C,A
SCE_D,A
SCE_E,A
SCE_F,N
SCE_G,N
SCG,N
SCHA,P
SCHB,P
SCHC,P
SCHD,P
SCHE,P
SCHF,P
SCHG,P
SCHH,P
SCHM,P
SCHO,P
SCHP,P
SCHR,P
SCHV,P
SCHW,N
SCHW_B,N
SCHX,P
SCHZ,P
SCI,N
SCIF,P
SCIN,P
SCJ,P
SCL,N
SCM,N
SCO,P
SCPB,P
SCR,N
SCS,N
SCT,P
SCU,N
SCX,N
SCZ,P
SD,N
SDA,P
SDD,P
SDIV,P
SDK,P
SDLP,N
SDO_A,A
SDO_B,A
SDO_C,A
SDO_H,A
SDOG,P
SDOW,P
SDP,P
SDR,N
SDRL,N
SDS,P
SDT,N
SDY,P
SDYL,P
SE,N
SEA,P
SEAS,N
SEB,A
SED,A
SEE,N
SEF,P
SEM,N
SEMG,N
SEMG.W,N
SEP,N
SF,N
SFB,N
SFD,N
SFE,N
SFG,N
SFI,N
SFI_D,N
SFI_E,N
SFI_F,N
SFI_G,N
SFI_I,N
SFK,P
SFL,N
SFLA,P
SFN,N
SFUN,N
SFY,N
SGA,A
SGAR,P
SGB,A
SGF,N
SGG,P
SGK,N
SGL,N
SGOL,P
SGU,N
SGY,N
SGZA,N
SH,P
SHG,N
SHI,N
SHM,P
SHN,P
SHO,N
SHO_D,N
SHV,P
SHW,N
SHY,P
SI,N
SID,N
SIF,A
SIG,N
SIJ,P
SIL,P
SILJ,P
SIM,A
SINF,P
SIR,N
SIVR,P
SIX,N
SIZ,P
SIZE,P
SJB,P
SJF,P
SJH,P
SJI,N
SJL,P
SJM,N
SJNK,P
SJR,N
SJT,N
SJW,N
SKF,P
SKH,N
SKK,P
SKM,N
SKS,N
SKT,N
SKX,N
SKY,A
SLA,N
SLB,N
SLCA,N
SLF,N
SLG,N
SLG_I,N
SLH,N
SLI,A
SLRA,N
SLV,P
SLVP,P
SLW,N
SLX,P
SLY,P
SLYG,P
SLYV,P
SM,N
SMA,N
SMB,P
SMDD,P
SMF,N
SMFG,N
SMG,N
SMH,P
SMI,N
SMIN,Z
SMK,P
SMLP,N
SMLV,P
SMM,N
SMMU,P
SMN,P
SMP,N
SMS,N
SMU,P
SN,N
SNA,N
SNE,N
SNH,N
SNHN,N
SNI,N
SNLN,P
SNN,N
SNP,N
SNV,N
SNV_C,N
SNX,N
SNY,N
SO,N
SOIL,P
SOL,N
SON,N
SOQ,A
SOR,N
SOV_C,N
SOXL,P
SOXS,P
SOYB,P
SPA,N
SPB,N
SPE,N
SPE_,N
SPF,N
SPFF,P
SPG,N
SPG_J,N
SPGH,P
SPH,N
SPHB,P
SPHD,P
SPHQ,P
SPLP,N
SPLV,P
SPN,N
SPP,N
SPPP,P
SPR,N
SPW,N
SPXH,P
SPXL,P
SPXS,P
SPXU,P
SPY,P
SPYG,P
SPYV,P
SQM,N
SQNS,N
SR,N
SRC,N
SRE,N
SRF,N
SRI,N
SRLN,P
SRS,P
SRT,N
SRTY,P
SRV,N
SS_K,A
SSD,N
SSG,P
SSI,N
SSL,N
SSLT,N
SSN,A
SSNI,N
SSO,P
SSP,N
SSS,N
SST,P
SSTK,N
SSW,N
SSW_C,N
SSW_D,N
SSY,A
ST,N
STAG,N
STAG_A,N
STAG_B,N
STC,N
STE,N
STI,N
STI_A,N
STI_E,N
STI.A,N
STI.B,N
STIP,P
STJ,N
STK,N
STL,N
STL_A,N
STM,N
STN,N
STNG,N
STO,N
STON,N
STP,N
STPP,P
STPZ,P
STR,N
STRI,N
STRP,A
STS,A
STT,N
STT_C,N
STV,N
STWD,N
STZ,N
STZ.B,N
SU,N
SUB,P
SUI,N
SUI_A,N
SUNE,N
SUP,N
SUSP,N
SUSS,N
SVBL,A
SVLC,A
SVM,N
SVT,A
SVU,N
SVXY,P
SWC,N
SWFT,N
SWI,N
SWJ,N
SWK,N
SWM,N
SWN,N
SWS,N
SWU,N
SWX,N
SWY,N
SWZ,N
SXC,N
SXCP,N
SXE,N
SXI,N
SXL,N
SXT,N
SYA,N
SYK,N
SYLD,P
SYN,A
SYRG,A
SYT,N
SYX,N
SYY,N
SZC,N
SZK,P
SZO,P
T,N
TA,N
TAC,N
TAGS,P
TAHO,N
TAI,N
TAL,N
TAM,N
TAN,P
TANN,N
TAO,P
TAOM,N
TAP,N
TAP.A,N
TARO,N
TAS,A
TAT,A
TBAR,P
TBF,P
TBI,N
TBT,P
TBX,P
TBZ,P
TC,N
TC_T,N
TCAP,N
TCB,N
TCB_B,N
TCB_C,N
TCB.W,N
TCC,N
TCCA,N
TCHI,P
TCI,N
TCK,N
TCO,N
TCO_J,N
TCO_K,N
TCP,N
TCX,A
TD,N
TDA,N
TDC,N
TDD,P
TDE,N
TDF,N
TDG,N
TDH,P
TDI,N
TDJ,N
TDN,P
TDS,N
TDTF,P
TDTT,P
TDV,P
TDW,N
TDX,P
TDY,N
TE,N
TECL,P
TECS,P
TEF,N
TEG,N
TEI,N
TEL,N
TEN,N
TENZ,P
TEO,N
TEP,N
TER,N
TEU,N
TEU_C,N
TEVA,N
TEX,N
TFG,N
TFI,P
TFX,N
TG,N
TGB,A
TGC,A
TGD,A
TGEM,P
TGH,N
TGI,N
TGP,N
TGR,P
TGS,N
TGT,N
TGX,N
THC,N
THD,P
THG,N
THGA,N
THHY,P
THI,N
THM,A
THO,N
THR,N
THRK,P
THS,N
TI,N
TI.A,N
TIF,N
TIK,A
TILT,P
TIP,P
TIPX,P
TIPZ,P
TIS,A
TISI,N
TJX,N
TK,N
TKC,N
TKF,N
TKR,N
TLH,P
TLI,N
TLK,N
TLL,P
TLLP,N
TLM,N
TLO,P
TLP,N
TLR,A
TLT,P
TLTD,P
TLTE,P
TLYS,N
TM,N
TMF,P
TMH,N
TMHC,N
TMK,N
TMK_B,N
TMO,N
TMP,A
TMS,N
TMUS,N
TMV,P
TNA,P
TNC,N
TNDQ,P
TNH,N
TNK,N
TNP,N
TNP_B,N
TOF,A
TOK,P
TOL,N
TOO,N
TOO_A,N
TOT,N
TOTS,P
TOWR,N
TPC,N
TPGI,N
TPH,N
TPI,A
TPL,N
TPLM,A
TPRE,N
TPS,P
TPX,N
TPZ,N
TR,N
TRC,N
TRC.W,A
TREX,N
TRF,N
TRGP,N
TRI,N
TRK,N
TRLA,N
TRMR,N
TRN,N
TRND,P
TRNM,P
TRNO,N
TRNO_A,N
TROX,N
TRP,N
TRQ,N
TRR,N
TRSK,P
TRSY,P
TRT,A
TRV,N
TRW,N
TRX,A
TS,N
TSH,A
TSI,N
TSL,N
TSM,N
TSN,N
TSO,N
TSS,N
TSU,N
TTC,N
TTF,N
TTF.Z,N
TTFS,P
TTI,N
TTM,N
TTP,N
TTT,P
TU,N
TUC,N
TUMI,N
TUP,N
TUR,P
TUZ,P
TV,N
TVC,N
TVE,N
TVIX,P
TVIZ,P
TW,N
TWC,N
TWI,N
TWM,P
TWN,N
TWO,N
TWO.W,A
TWOK,P
TWQ,P
TWTI,P
TWX,N
TX,N
TXI,N
TXMD,A
TXT,N
TXTR,N
TY,N
TY_,N
TYBS,P
TYC,N
TYD,P
TYG,N
TYG_B,N
TYL,N
TYN,N
TYNS,P
TYO,P
TYY,N
TYY_C,N
TZA,P
TZD,P
TZE,P
TZF,N
TZG,P
TZI,P
TZL,P
TZO,P
TZV,P
TZW,P
TZY,P
UA,N
UAG,P
UAL,N
UAM,N
UAMY,A
UAN,N
UBA,N
UBC,P
UBG,P
UBM,P
UBN,P
UBP,N
UBP_D,N
UBP_F,N
UBR,P
UBS,N
UBS_D,N
UBT,P
UCC,P
UCD,P
UCI,P
UCO,P
UCP,N
UDN,P
UDNT,P
UDOW,P
UDR,N
UEC,A
UFI,N
UFS,N
UGA,P
UGAZ,P
UGE,P
UGEM,P
UGI,N
UGL,P
UGLD,P
UGP,N
UHN,P
UHS,N
UHT,N
UIL,N
UINF,P
UIS,N
UIS_A,N
UJB,P
UKF,P
UKK,P
UKW,P
UL,N
ULE,P
UMC,N
UMDD,P
UMH,N
UMH_A,N
UMX,P
UN,N
UNF,N
UNG,P
UNH,N
UNL,P
UNM,N
UNP,N
UNS,N
UNT,N
UOIL,P
UPG,A
UPL,N
UPRO,P
UPS,N
UPV,P
UPW,P
UQM,A
URA,P
URE,P
URG,A
URI,N
URR,P
URS,N
URTH,P
URTY,P
URZ,A
USA,N
USAC,N
USAG,P
USB,N
USB_A,N
USB_H,N
USB_M,N
USB_N,N
USB_O,N
USCI,P
USD,P
USG,N
USL,P
USLV,P
USM,N
USMI,P
USMV,P
USNA,N
USO,P
USPH,N
UST,P
USU,N
USV,P
UTF,N
UTG,A
UTI,N
UTL,N
UTLT,P
UTX,N
UTX_A,N
UUP,P
UUPT,P
UUU,A
UVE,A
UVG,P
UVT,P
UVU,P
UVV,N
UVXY,P
UWC,P
UWM,P
UWN,A
UWTI,P
UXI,P
UXJ,P
UYG,P
UYM,P
UZA,N
V,N
VAC,N
VAL,N
VALE,N
VALE.P,N
VAR,N
VAW,P
VB,P
VBF,N
VBK,P
VBR,P
VC,N
VCF,A
VCI,N
VCO,N
VCR,P
VCRA,N
VCV,N
VDC,P
VDE,P
VE,N
VEA,P
VEGA,P
VEGI,P
VEL_E,N
VET,N
VEU,P
VFC,N
VFH,P
VFL,A
VG,N
VGEM,P
VGI,N
VGK,P
VGM,N
VGR,N
VGT,P
VGZ,A
VHC,A
VHI,N
VHS,N
VHT,P
VIG,P
VII,A
VIIX,P
VIIZ,P
VIOG,P
VIOO,P
VIOV,P
VIPS,N
VIS,P
VIV,N
VIXH,P
VIXM,P
VIXY,P
VKI,A
VKQ,N
VLO,N
VLT,N
VLU,P
VLUE,P
VLY,N
VLY_A,N
VLY.W,N
VMC,N
VMI,N
VMM,A
VMO,N
VMW,N
VNM,P
VNO,N
VNO_G,N
VNO_I,N
VNO_J,N
VNO_K,N
VNO_L,N
VNOD,N
VNQ,P
VNTV,N
VO,P
VOC,N
VOE,P
VOO,P
VOOG,P
VOOV,P
VOT,P
VOX,P
VOYA,N
VPG,N
VPL,P
VPU,P
VPV,N
VQT,P
VR,N
VRD,P
VRS,N
VRX,N
VSB,A
VSH,N
VSI,N
VSPY,P
VSR,A
VSS,P
VT,P
VTA,N
VTG,A
VTI,P
VTN,N
VTR,N
VTRB,N
VTV,P
VUG,P
VV,P
VVC,N
VVI,N
VVR,N
VWO,P
VXF,P
VXX,P
VXZ,P
VYM,P
VZ,N
WAB,N
WAC,N
WAG,N
WAGE,N
WAIR,N
WAL,N
WAT,N
WBC,N
WBK,N
WBS,N
WBS_E,N
WBS.W,N
WCC,N
WCG,N
WCIC,N
WCN,N
WD,N
WDAY,N
WDIV,P
WDR,N
WDTI,P
WEA,N
WEAT,P
WEC,N
WEET,P
WES,N
WEX,N
WF,N
WFC,N
WFC_J,N
WFC_L,N
WFC_N,N
WFC_O,N
WFC_P,N
WFC_Q,N
WFC.W,N
WFT,N
WG,N
WGA,A
WGL,N
WGO,N
WGP,N
WH,N
WHG,N
WHR,N
WHX,N
WHZ,N
WIA,N
WIP,P
WIT,N
WITE,P
WIW,N
WLH,N
WLK,N
WLL,N
WLP,N
WLT,N
WM,N
WMB,N
WMC,N
WMCR,P
WMK,N
WMS,N
WMT,N
WMW,P
WNA_,N
WNC,N
WNR,N
WNS,N
WOR,N
WPC,N
WPO,N
WPP,N
WPS,P
WPT,N
WPX,N
WPZ,N
WR,N
WRB,N
WRB_B,N
WRD,N
WRE,N
WREI,P
WRI,N
WRI_F,N
WRN,A
WRT,N
WSH,N
WSM,N
WSO,N
WSO.B,N
WSR,N
WST,N
WTI,N
WTM,N
WTR,N
WTS,N
WTT,A
WTW,N
WU,N
WWAV,N
WWAV.B,N
WWE,N
WWW,N
WWZ_K,A
WX,N
WY,N
WY_A,N
WYN,N
WYY,A
X,N
XAA,N
XAR,P
XBI,P
XCO,N
XEC,N
XEL,N
XES,P
XFP,N
XFR,N
XHB,P
XHE,P
XHS,P
XIN,N
XIV,P
XKE,N
XKO,N
XL,N
XLB,P
XLE,P
XLF,P
XLG,P
XLI,P
XLK,P
XLP,P
XLS,N
XLU,P
XLV,P
XLY,P
XME,P
XMLV,P
XMPT,P
XNY,N
XOM,N
XON,N
XOP,P
XOVR,P
XOXO,N
XPH,P
XPL,A
XPO,N
XPP,P
XRA,A
XRM,N
XRS,N
XRT,P
XRX,N
XSD,P
XSLV,P
XSW,P
XTL,P
XTN,P
XUE,N
XVG,N
XVIX,P
XVZ,P
XXV,P
XYL,N
Y,N
YANG,P
YAO,P
YCL,P
YCS,P
YELP,N
YGE,N
YINN,P
YMLI,P
YMLP,P
YOKU,N
YPF,N
YUM,N
YUME,N
YXI,P
YYY,P
YZC,N
ZA,N
ZB_A,N
ZB_C,N
ZB_F,N
ZB_G,N
ZB_H,N
ZBB,A
ZBZX,Z
ZEP,N
ZF,N
ZFC,N
ZIV,P
ZLC,N
ZMH,N
ZNH,N
ZQK,N
ZROZ,P
ZSL,P
ZTEST,Z
ZTR,N
ZTS,N
ZX,N
ZXX,A
ZXX_F,A
ZY_A,N
ZYA.U,A
ZYA.V,A
ZYA.W,A
ZYY,N
ZYY_A,N
ZYZ_K,N
ZZA,N
ZZB,N
ZZD,N
ZZE,N
ZZF,N
ZZG,N
ZZH,N
ZZI,N
ZZJ,N
ZZJJ,N
File Creation Time: 0912201310:01,
