AA,
AA_hyphen_,
AACC,
AADR,
AAIT,
AAME,
AAN,
AAON,
AAP,
AAPL,
AAT,
AAU,
AAV,
AAWW,
AAXJ,
AB,
ABAX,
ABB,
ABBV,
ABC,
ABCB,
ABCD,
ABCO,
ABFS,
ABG,
ABI,
ABIO,
ABM,
ABMD,
ABR,
ABR_hyphen_A,
ABT,
ABTL,
ABV,
ABV_dot_C,
ABW_hyphen_B,
ABX,
ACAD,
ACAS,
ACAT,
ACC,
ACCL,
ACCO,
ACCU,
ACE,
ACET,
ACFC,
ACFN,
ACG,
ACGL,
ACH,
ACHC,
ACHN,
ACI,
ACIM,
ACIW,
ACLS,
ACM,
ACMP,
ACN,
ACNB,
ACO,
ACOR,
ACP,
ACP_caret__hash_,
ACPW,
ACRE,
ACRX,
ACST,
ACT,
ACTG,
ACTS,
ACTV,
ACU,
ACUR,
ACW,
ACWI,
ACWV,
ACWX,
ACXM,
ACY,
ADAT,
ADBE,
ADC,
ADEP,
ADES,
ADGE,
ADI,
ADK,
ADK_hyphen_A,
ADM,
ADNC,
ADP,
ADRA,
ADRD,
ADRE,
ADRU,
ADS,
ADSK,
ADT,
ADTN,
ADUS,
ADVS,
ADX,
ADY,
ADZ,
AE,
AEB,
AEC,
AED,
AEE,
AEF,
AEG,
AEGN,
AEGR,
AEH,
AEHR,
AEIS,
AEK,
AEL,
AEM,
AEO,
AEP,
AEPI,
AER,
AERL,
AES,
AES_hyphen_C,
AET,
AETI,
AEV,
AEY,
AEZS,
AF,
AF_hyphen_C,
AFA,
AFAM,
AFB,
AFC,
AFCB,
AFCE,
AFF,
AFFX,
AFFY,
AFG,
AFH,
AFK,
AFL,
AFM,
AFOP,
AFQ,
AFSD,
AFSI,
AFT,
AFW,
AG,
AGA,
AGC,
AGCO,
AGD,
AGEM,
AGEN,
AGF,
AGG,
AGI,
AGII,
AGIIL,
AGLS,
AGM,
AGM_dot_A,
AGM_hyphen_A,
AGN,
AGNC,
AGNCP,
AGO,
AGO_hyphen_B,
AGO_hyphen_E,
AGO_hyphen_F,
AGOL,
AGQ,
AGRO,
AGU,
AGX,
AGYS,
AGZ,
AH,
AHB,
AHC,
AHGP,
AHL,
AHL_hyphen_,
AHL_hyphen_A,
AHL_hyphen_B,
AHPI,
AHS,
AHT,
AHT_hyphen_A,
AHT_hyphen_D,
AHT_hyphen_E,
AHY,
AI,
AIA,
AIB,
AIF,
AIG,
AIG_plus_,
AIM,
AIMC,
AIN,
AINV,
AIQ,
AIR,
AIRM,
AIRT,
AIT,
AIV,
AIV_hyphen_Z,
AIXG,
AIZ,
AJB,
AJG,
AKAM,
AKG,
AKN,
AKO_dot_A,
AKO_dot_B,
AKP,
AKR,
AKRX,
AKS,
AL,
ALB,
ALC,
ALCO,
ALCS,
ALD,
ALDW,
ALE,
ALEX,
ALFA,
ALG,
ALGN,
ALGT,
ALIM,
ALJ,
ALK,
ALKS,
ALL,
ALL_hyphen_B,
ALLB,
ALLT,
ALLY_hyphen_A,
ALLY_hyphen_B,
ALN,
ALNY,
ALOG,
ALOT,
ALP_hyphen_N,
ALP_hyphen_O,
ALP_hyphen_P,
ALR,
ALR_hyphen_B,
ALSK,
ALSN,
ALT,
ALTE,
ALTI,
ALTL,
ALTR,
ALTV,
ALU,
ALV,
ALVR,
ALX,
ALXA,
ALXN,
AM,
AMAG,
AMAP,
AMAT,
AMBA,
AMBO,
AMBT,
AMCC,
AMCF,
AMCN,
AMCX,
AMD,
AME,
AMED,
AMG,
AMGN,
AMIC,
AMID,
AMJ,
AMKR,
AMLP,
AMM,
AMNB,
AMOT,
AMOV,
AMP,
AMP_hyphen_A,
AMPE,
AMPS,
AMRB,
AMRC,
AMRE,
AMRI,
AMRN,
AMRS,
AMS,
AMSC,
AMSF,
AMSG,
AMSWA,
AMT,
AMTD,
AMTG,
AMTG_hyphen_A,
AMU,
AMWD,
AMX,
AMZN,
AN,
ANAC,
ANAD,
ANAT,
ANCB,
ANCI,
ANCX,
AND,
ANDA,
ANDAU,
ANDAW,
ANDE,
ANEN,
ANF,
ANFI,
ANGI,
ANGL,
ANGO,
ANH,
ANH_hyphen_A,
ANH_hyphen_B,
ANIK,
ANLY,
ANN,
ANNB,
ANR,
ANSS,
ANTH,
ANTP,
ANV,
ANW,
AOA,
AOD,
AOI,
AOK,
AOL,
AOM,
AON,
AOR,
AOS,
AOSL,
AP,
APA,
APA_hyphen_D,
APAGF,
APAM,
APB,
APC,
APD,
APEI,
APF,
APFC,
APH,
API,
APL,
APO,
APOG,
APOL,
APP,
APPY,
APRI,
APSA,
APT,
APTS,
APU,
APWC,
AQ,
AQQ,
AQU,
AQUUU,
AQUUW,
ARAY,
ARB,
ARC,
ARCC,
ARCI,
ARCO,
ARCP,
ARCW,
ARDC,
ARDNA,
ARE,
ARE_hyphen_E,
AREX,
ARG,
ARGT,
ARH_hyphen_C,
ARI,
ARI_hyphen_A,
ARIA,
ARII,
ARK,
ARKR,
ARL,
ARLP,
ARMH,
ARN,
ARNA,
ARO,
AROW,
ARP,
ARQL,
ARR,
ARR_hyphen_A,
ARR_hyphen_B,
ARR_plus_,
ARRS,
ARRY,
ARSD,
ART,
ARTC,
ARTNA,
ARTW,
ARTX,
ARU,
ARUN,
ARW,
ARWR,
ARX,
ARY,
ASA,
ASBB,
ASBC,
ASBCW,
ASBI,
ASCA,
ASCMA,
ASDR,
ASEA,
ASEI,
ASFI,
ASG,
ASGN,
ASH,
ASI,
ASIA,
ASM,
ASMI,
ASML,
ASNA,
ASP,
ASPS,
ASR,
ASRV,
ASRVP,
ASTC,
ASTE,
ASTI,
ASTM,
ASTX,
ASUR,
ASX,
ASYS,
AT,
ATA,
ATAI,
ATAX,
ATE,
ATEA,
ATEC,
ATHN,
ATHX,
ATI,
ATK,
ATL,
ATLC,
ATLO,
ATLS,
ATMI,
ATML,
ATMP,
ATNI,
ATNY,
ATO,
ATOS,
ATR,
ATRC,
ATRI,
ATRM,
ATRO,
ATRS,
ATSG,
ATTU,
ATU,
ATV,
ATVI,
ATW,
ATX,
AU,
AU_hyphen_A,
AUBN,
AUD,
AUDC,
AUMN,
AUNZ,
AUO,
AUQ,
AUSE,
AUXL,
AUY,
AV,
AVA,
AVAV,
AVB,
AVD,
AVEO,
AVG,
AVGO,
AVHI,
AVID,
AVIV,
AVK,
AVL,
AVNR,
AVNW,
AVP,
AVT,
AVV,
AVX,
AVY,
AWAY,
AWC,
AWF,
AWH,
AWI,
AWK,
AWP,
AWR,
AWRE,
AWX,
AXAS,
AXDI,
AXDX,
AXE,
AXEN,
AXFN,
AXHE,
AXID,
AXIT,
AXJL,
AXJS,
AXL,
AXLL,
AXMT,
AXN,
AXP,
AXR,
AXS,
AXS_hyphen_A,
AXS_hyphen_C,
AXSL,
AXTE,
AXTI,
AXU,
AXUT,
AXX,
AYI,
AYN,
AYR,
AYT,
AZC,
AZIA,
AZK,
AZN,
AZO,
AZPN,
AZZ,
B,
BA,
BAA,
BAB,
BABS,
BABY,
BABZ,
BAC,
BAC_hyphen_D,
BAC_hyphen_E,
BAC_hyphen_H_star_,
BAC_hyphen_I,
BAC_hyphen_J,
BAC_hyphen_L,
BAC_hyphen_Z,
BAC_plus_A,
BAC_plus_B,
BAF,
BAGL,
BAGR,
BAH,
BAK,
BAL,
BALT,
BAM,
BAM_hash_,
BAMM,
BANC,
BANCL,
BANF,
BANFP,
BANR,
BAP,
BARL,
BAS,
BASI,
BAX,
BBBY,
BBCN,
BBD,
BBDO,
BBEP,
BBF,
BBG,
BBGI,
BBH,
BBK,
BBL,
BBN,
BBNK,
BBOX,
BBRC,
BBRG,
BBRY,
BBSI,
BBT,
BBT_hyphen_D,
BBT_hyphen_E,
BBT_hyphen_F,
BBVA,
BBW,
BBX,
BBY,
BC,
BCA,
BCBP,
BCC,
BCE,
BCEI,
BCF,
BCH,
BCM,
BCO,
BCOM,
BCOR,
BCOV,
BCPC,
BCR,
BCRX,
BCS,
BCS_hyphen_,
BCS_hyphen_A,
BCS_hyphen_C,
BCS_hyphen_D,
BCSB,
BCV,
BCX,
BDBD,
BDC,
BDCL,
BDCS,
BDD,
BDE,
BDG,
BDGE,
BDJ,
BDL,
BDMS,
BDN,
BDN_hyphen_E,
BDR,
BDSI,
BDX,
BEAM,
BEAT,
BEAV,
BEBE,
BECN,
BEE,
BEE_hyphen_A,
BEE_hyphen_B,
BEE_hyphen_C,
BELFA,
BELFB,
BEN,
BERK,
BERY,
BF_dot_A,
BF_dot_B,
BFAM,
BFIN,
BFK,
BFLY,
BFO,
BFR,
BFS,
BFS_hyphen_A,
BFS_hyphen_C,
BFY,
BFZ,
BG,
BGB,
BGC,
BGCA,
BGCP,
BGE_hyphen_B,
BGFV,
BGG,
BGH,
BGMD,
BGR,
BGS,
BGSC,
BGSCU,
BGSCW,
BGT,
BGX,
BGY,
BH,
BHB,
BHD,
BHE,
BHI,
BHK,
BHL,
BHLB,
BHP,
BHV,
BHY,
BIB,
BICK,
BID,
BIDU,
BIE,
BIF,
BIG,
BIIB,
BIK,
BIL,
BIN,
BIO,
BIO_dot_B,
BIOD,
BIOF,
BIOL,
BIOS,
BIP,
BIR_hyphen_A,
BIRT,
BIS,
BIT,
BITA,
BIV,
BIZD,
BJK,
BJRI,
BJZ,
BK,
BK_hyphen_C,
BKCC,
BKD,
BKE,
BKEP,
BKEPP,
BKF,
BKH,
BKI,
BKJ,
BKK,
BKLN,
BKMU,
BKN,
BKOR,
BKR,
BKS,
BKSC,
BKT,
BKU,
BKW,
BKYF,
BLC,
BLDP,
BLDR,
BLE,
BLH,
BLIN,
BLJ,
BLK,
BLKB,
BLL,
BLMN,
BLMT,
BLND,
BLNG,
BLOX,
BLRX,
BLT,
BLV,
BLW,
BLX,
BMA,
BMC,
BME,
BMI,
BMJ,
BML_hyphen_G,
BML_hyphen_H,
BML_hyphen_I,
BML_hyphen_J,
BML_hyphen_L,
BML_hyphen_N,
BML_hyphen_O,
BML_hyphen_Q_star_,
BMO,
BMR,
BMRC,
BMRN,
BMS,
BMTC,
BMY,
BMY_hyphen_,
BNA,
BNCL,
BNCN,
BND,
BNJ,
BNNY,
BNO,
BNPC,
BNS,
BNSO,
BNY,
BOBE,
BOCH,
BODY,
BOE,
BOFI,
BOH,
BOI,
BOIL,
BOKF,
BOLT,
BOM,
BONA,
BOND,
BONE,
BONO,
BONT,
BOOM,
BORN,
BOS,
BOSC,
BOTA,
BOTJ,
BOX,
BOXC,
BP,
BPAX,
BPFH,
BPFHW,
BPHX,
BPI,
BPK,
BPL,
BPO,
BPOP,
BPOPM,
BPOPN,
BPS,
BPT,
BPY,
BPY_hash_,
BPZ,
BQH,
BQR,
BQY,
BR,
BRAF,
BRAQ,
BRAZ,
BRC,
BRCD,
BRCM,
BRD,
BRE,
BRE_hyphen_D,
BREW,
BRF,
BRFS,
BRID,
BRK_dot_A,
BRK_dot_B,
BRKL,
BRKR,
BRKS,
BRLI,
BRN,
BRO,
BRP,
BRS,
BRT,
BRXX,
BRY,
BRZU,
BSAC,
BSBR,
BSCD,
BSCE,
BSCF,
BSCG,
BSCH,
BSCI,
BSCJ,
BSCK,
BSD,
BSDM,
BSE,
BSET,
BSFT,
BSI,
BSJD,
BSJE,
BSJF,
BSJG,
BSJH,
BSJI,
BSL,
BSMX,
BSP,
BSPM,
BSQR,
BSRR,
BSTC,
BSV,
BSX,
BT,
BTA,
BTAL,
BTE,
BTF,
BTH,
BTI,
BTN,
BTO,
BTT,
BTU,
BTUI,
BTX,
BTZ,
BUD,
BUI,
BUND,
BUNL,
BUNT,
BUR,
BUSE,
BV,
BVA,
BVN,
BVSN,
BVX,
BWA,
BWC,
BWEN,
BWG,
BWINA,
BWINB,
BWL_dot_A,
BWLD,
BWP,
BWS,
BWV,
BWX,
BWZ,
BX,
BXC,
BXDB,
BXE,
BXP,
BXP_hyphen_B,
BXS,
BXS_hyphen_A,
BXUB,
BXUC,
BYD,
BYFC,
BYI,
BYM,
BZ,
BZC,
BZF,
BZH,
BZM,
BZQ,
BZT,
BZU,
C,
C_hyphen_C,
C_hyphen_E,
C_hyphen_I,
C_hyphen_M,
C_hyphen_N,
C_hyphen_O_star_,
C_hyphen_P,
C_hyphen_Q,
C_hyphen_R,
C_hyphen_S,
C_hyphen_U_star_,
C_hyphen_V_star_,
C_hyphen_W,
C_hyphen_Z_star_,
C_plus_A,
C_plus_B,
CA,
CAAS,
CAB,
CAC,
CACB,
CACC,
CACG,
CACGU,
CACGW,
CACH,
CACHR,
CACI,
CAD,
CADC,
CADX,
CAE,
CAF,
CAFE,
CAFI,
CAG,
CAH,
CAJ,
CAK,
CAKE,
CALD,
CALI,
CALL,
CALM,
CALX,
CAM,
CAMP,
CAMT,
CANE,
CAP,
CAPE,
CAR,
CARB,
CART,
CARV,
CARZ,
CAS,
CASH,
CASM,
CASS,
CASY,
CAT,
CATM,
CATO,
CATY,
CAVM,
CAW,
CB,
CBAK,
CBAN,
CBB,
CBB_hyphen_B,
CBD,
CBEY,
CBF,
CBG,
CBI,
CBIN,
CBK,
CBL,
CBL_hyphen_D,
CBL_hyphen_E,
CBLI,
CBM,
CBMX,
CBMXW,
CBND,
CBNJ,
CBNK,
CBO,
CBOE,
CBP,
CBPO,
CBR,
CBRL,
CBRX,
CBS,
CBS_dot_A,
CBSH,
CBST,
CBT,
CBU,
CBX,
CBZ,
CCA,
CCBG,
CCC,
CCCL,
CCE,
CCF,
CCG,
CCG_hyphen_A,
CCH,
CCH_hash_,
CCI,
CCIH,
CCIX,
CCJ,
CCK,
CCL,
CCM,
CCMP,
CCNE,
CCO,
CCOI,
CCRN,
CCSC,
CCU,
CCUR,
CCV,
CCX,
CCXE,
CCXI,
CCZ,
CDE,
CDE_plus_,
CDI,
CDNS,
CDR,
CDR_hyphen_B,
CDTI,
CDXS,
CDY,
CDZI,
CE,
CEA,
CEB,
CEC,
CECE,
CECO,
CEDC,
CEDU,
CEE,
CEF,
CEG_hyphen_A,
CEL,
CELG,
CELGZ,
CEM,
CEMB,
CEMI,
CEMP,
CENT,
CENTA,
CENX,
CEO,
CEP,
CERE,
CERN,
CERS,
CET,
CETV,
CEV,
CEVA,
CEW,
CF,
CFBK,
CFC_hyphen_A,
CFC_hyphen_B,
CFD,
CFFI,
CFFN,
CFI,
CFN,
CFNB,
CFNL,
CFP,
CFR,
CFR_hyphen_A,
CFT,
CFX,
CG,
CGA,
CGEN,
CGG,
CGI,
CGNX,
CGO,
CGR,
CGW,
CGX,
CH,
CHA,
CHC,
CHC_plus_,
CHCI,
CHCO,
CHD,
CHDN,
CHDX,
CHE,
CHEF,
CHEP,
CHEV,
CHFC,
CHFN,
CHG,
CHGS,
CHH,
CHI,
CHIE,
CHII,
CHIM,
CHIQ,
CHIX,
CHK,
CHK_hyphen_D,
CHKE,
CHKP,
CHKR,
CHL,
CHLC,
CHLN,
CHMG,
CHMT,
CHN,
CHNR,
CHOC,
CHOP,
CHRM,
CHRW,
CHS,
CHSCP,
CHSP,
CHSP_hyphen_A,
CHT,
CHTP,
CHTR,
CHU,
CHUY,
CHW,
CHXF,
CHXX,
CHY,
CHYR,
CI,
CIA,
CIB,
CIDM,
CIE,
CIEN,
CIF,
CIFC,
CIG,
CIG_dot_C,
CII,
CIK,
CIM,
CIMT,
CINF,
CIR,
CIS,
CISAA,
CISAU,
CISAW,
CISG,
CIT,
CITZ,
CIU,
CIX,
CIZN,
CJES,
CJJD,
CKEC,
CKH,
CKP,
CKSW,
CKX,
CL,
CLB,
CLBH,
CLC,
CLCT,
CLD,
CLDT,
CLDX,
CLF,
CLFD,
CLGX,
CLH,
CLI,
CLIR,
CLM,
CLMS,
CLMT,
CLNE,
CLNT,
CLNY,
CLNY_hyphen_A,
CLP,
CLR,
CLRO,
CLRX,
CLS,
CLSN,
CLUB,
CLV,
CLVS,
CLW,
CLWR,
CLWT,
CLX,
CLY,
CM,
CMA,
CMA_plus_,
CMBS,
CMC,
CMCO,
CMCSA,
CMCSK,
CMD,
CME,
CMF,
CMFO,
CMG,
CMGE,
CMI,
CMK,
CMLP,
CMLS,
CMN,
CMO,
CMO_hyphen_A,
CMO_hyphen_B,
CMP,
CMRE,
CMRX,
CMS,
CMS_hyphen_A,
CMS_hyphen_B,
CMSB,
CMT,
CMTL,
CMU,
CNA,
CNAM,
CNBC,
CNBKA,
CNC,
CNCO,
CNDA,
CNDO,
CNET,
CNH,
CNI,
CNIT,
CNK,
CNL,
CNMD,
CNO,
CNOB,
CNP,
CNPF,
CNQ,
CNQR,
CNR,
CNS,
CNSI,
CNSL,
CNTF,
CNTY,
CNW,
CNX,
CNY,
CNYD,
CO,
COA,
COBK,
COBO,
COBR,
COBZ,
COCO,
CODE,
CODI,
COF,
COF_hyphen_P,
COF_plus_,
COG,
COGO,
COH,
COHR,
COHU,
COKE,
COL,
COLB,
COLM,
COLX,
CONE,
CONN,
COO,
COOL,
COP,
COPX,
COR,
COR_hyphen_A,
CORE,
CORN,
CORP,
CORR,
CORT,
COSI,
COST,
COT,
COV,
COVR,
COW,
COWN,
COY,
CP,
CPA,
CPAC,
CPAH,
CPB,
CPBC,
CPE,
CPER,
CPF,
CPGI,
CPHC,
CPHD,
CPHI,
CPI,
CPIX,
CPK,
CPL,
CPLA,
CPLP,
CPN,
CPNO,
CPRT,
CPRX,
CPSI,
CPSL,
CPSS,
CPST,
CPT,
CPTS,
CPWR,
CQB,
CQP,
CQQQ,
CR,
CRAI,
CRAY,
CRBC,
CRBQ,
CRC,
CRD_dot_A,
CRD_dot_B,
CRDC,
CRDS,
CREE,
CREG,
CRESW,
CRESY,
CRF,
CRFN,
CRH,
CRI,
CRIS,
CRK,
CRL,
CRM,
CRMB,
CRMBU,
CRMBW,
CRMD,
CRMD_plus_,
CRME,
CRMT,
CRNT,
CROC,
CROP,
CROX,
CRR,
CRRB,
CRRC,
CRS,
CRT,
CRTX,
CRUD,
CRUS,
CRV,
CRVL,
CRVP,
CRWN,
CRWS,
CRY,
CRZO,
CS,
CSBK,
CSC,
CSCD,
CSCO,
CSD,
CSE,
CSFL,
CSFS,
CSGP,
CSGS,
CSH,
CSI,
CSII,
CSIQ,
CSJ,
CSL,
CSLS,
CSM,
CSMA,
CSMB,
CSMN,
CSOD,
CSP,
CSPI,
CSQ,
CSRE,
CSS,
CST_hash_,
CSTE,
CSTR,
CSU,
CSUN,
CSV,
CSWC,
CSX,
CT,
CTAS,
CTB,
CTBI,
CTC,
CTCH,
CTCM,
CTCT,
CTF,
CTGX,
CTHR,
CTIB,
CTIC,
CTL,
CTNN,
CTO,
CTP,
CTQ,
CTR,
CTRN,
CTRP,
CTRX,
CTS,
CTSH,
CTU,
CTW,
CTWS,
CTX,
CTXS,
CTZ_hyphen_A,
CU,
CUB,
CUBA,
CUBE,
CUBE_hyphen_A,
CUI,
CUK,
CUNB,
CUO,
CUPM,
CUR,
CURE,
CUT,
CUTR,
CUZ,
CUZ_hyphen_A,
CUZ_hyphen_A_star_,
CUZ_hyphen_B,
CVA,
CVB,
CVBF,
CVC,
CVCO,
CVCY,
CVD,
CVE,
CVG,
CVGI,
CVGW,
CVH,
CVI,
CVLT,
CVLY,
CVM,
CVO,
CVOL,
CVR,
CVRR,
CVS,
CVTI,
CVU,
CVV,
CVX,
CVY,
CW,
CWB,
CWBC,
CWCO,
CWEI,
CWH,
CWH_hyphen_D,
CWH_hyphen_E,
CWHN,
CWHO,
CWI,
CWST,
CWT,
CWTR,
CWZ,
CX,
CXA,
CXDC,
CXE,
CXH,
CXM,
CXO,
CXPO,
CXS,
CXW,
CXZ,
CY,
CYAN,
CYB,
CYBE,
CYBX,
CYCC,
CYCCP,
CYD,
CYE,
CYH,
CYMI,
CYN,
CYN_hyphen_C,
CYNO,
CYOU,
CYS,
CYS_hyphen_A,
CYT,
CYTK,
CYTR,
CYTX,
CYTXW,
CZA,
CZFC,
CZNC,
CZR,
CZWI,
CZZ,
D,
DAC,
DAEG,
DAG,
DAIO,
DAKT,
DAL,
DAN,
DANG,
DAR,
DARA,
DATE,
DAVE,
DB,
DBA,
DBB,
DBBR,
DBC,
DBCN,
DBD,
DBE,
DBEF,
DBEM,
DBIZ,
DBJP,
DBL,
DBLE,
DBLEP,
DBO,
DBP,
DBS,
DBU,
DBV,
DCA,
DCE,
DCI,
DCIN,
DCIX,
DCM,
DCNG,
DCO,
DCOM,
DCT,
DCTH,
DD,
DD_hyphen_A,
DD_hyphen_B,
DDC,
DDD,
DDE,
DDF,
DDG,
DDM,
DDP,
DDR,
DDR_hyphen_H,
DDR_hyphen_J,
DDR_hyphen_K,
DDS,
DDT,
DE,
DECK,
DEE,
DEF,
DEFL,
DEG,
DEI,
DEJ,
DEL,
DELL,
DEM,
DENN,
DEO,
DEPO,
DES,
DEST,
DEW,
DEX,
DEXO,
DF,
DFE,
DFF,
DFJ,
DFRG,
DFS,
DFS_hyphen_B,
DFT,
DFT_hyphen_A,
DFT_hyphen_B,
DFVL,
DFVS,
DFZ,
DG,
DGAS,
DGAZ,
DGI,
DGICA,
DGICB,
DGII,
DGIT,
DGL,
DGLD,
DGLY,
DGP,
DGS,
DGSE,
DGT,
DGX,
DGZ,
DHF,
DHG,
DHI,
DHIL,
DHR,
DHRM,
DHS,
DHT,
DHX,
DHY,
DIA,
DIG,
DIM,
DIN,
DIOD,
DIRT,
DIS,
DISCA,
DISCB,
DISCK,
DISH,
DIT,
DIV,
DJCI,
DJCO,
DJP,
DK,
DKL,
DKS,
DKT,
DL,
DLA,
DLB,
DLBL,
DLBS,
DLGC,
DLHC,
DLIA,
DLLR,
DLN,
DLPH,
DLR,
DLR_hyphen_E,
DLR_hyphen_F,
DLR_hyphen_G,
DLS,
DLTR,
DLX,
DM,
DM_hyphen_B,
DMD,
DMF,
DMLP,
DMND,
DMO,
DMRC,
DNB,
DNBF,
DNDN,
DNI,
DNKN,
DNL,
DNN,
DNO,
DNP,
DNR,
DNY,
DO,
DOD,
DOG,
DOIL,
DOL,
DOLE,
DOM,
DON,
DOO,
DORM,
DOV,
DOVR,
DOW,
DOX,
DPD,
DPG,
DPK,
DPM,
DPO,
DPS,
DPU,
DPW,
DPZ,
DQ,
DRAD,
DRAM,
DRC,
DRCO,
DRD,
DRE,
DRE_hyphen_J,
DRE_hyphen_K,
DRE_hyphen_L,
DRGS,
DRH,
DRI,
DRIV,
DRL,
DRN,
DRQ,
DRR,
DRRX,
DRTX,
DRU,
DRV,
DRW,
DRWI,
DRYS,
DSCI,
DSCO,
DSGX,
DSI,
DSKX,
DSLV,
DSM,
DSPG,
DSS,
DST,
DSTI,
DSTJ,
DSU,
DSUM,
DSW,
DSWL,
DSX,
DSXJ,
DTD,
DTE,
DTF,
DTH,
DTK,
DTLK,
DTN,
DTO,
DTQ,
DTSI,
DTT,
DTUL,
DTUS,
DTV,
DTYL,
DTYS,
DTZ,
DUA,
DUC,
DUF,
DUG,
DUK,
DUKH,
DUST,
DV,
DVA,
DVAX,
DVCR,
DVD,
DVM,
DVN,
DVOX,
DVR,
DVY,
DVYA,
DVYE,
DVYL,
DW,
DWA,
DWAS,
DWCH,
DWM,
DWRE,
DWSN,
DWTI,
DWX,
DX,
DX_hyphen_A,
DX_hyphen_B,
DXB,
DXCM,
DXD,
DXJ,
DXLG,
DXPE,
DXR,
DXYN,
DY,
DYAX,
DYN,
DYN_plus_,
DYNT,
DYSL,
DYY,
DZK,
DZZ,
E,
EA,
EAA,
EAB,
EAC,
EAD,
EAPS,
EAT,
EBAY,
EBF,
EBIX,
EBMT,
EBND,
EBR,
EBR_dot_B,
EBS,
EBSB,
EBTC,
EC,
ECA,
ECF,
ECH,
ECHO,
ECL,
ECNS,
ECOL,
ECON,
ECPG,
ECT,
ECTE,
ECTY,
ECYT,
ED,
EDAC,
EDAP,
EDC,
EDD,
EDE,
EDEN,
EDF,
EDG,
EDGW,
EDI,
EDIV,
EDMC,
EDN,
EDR,
EDS,
EDT,
EDU,
EDUC,
EDV,
EDZ,
EE,
EEA,
EEB,
EEFT,
EEH,
EEHB,
EEI,
EELV,
EEM,
EEMA,
EEME,
EEML,
EEMS,
EEMV,
EEP,
EEQ,
EES,
EET,
EEV,
EFA,
EFAV,
EFC,
EFG,
EFII,
EFM,
EFNL,
EFO,
EFR,
EFSC,
EFT,
EFU,
EFUT,
EFV,
EFX,
EFZ,
EGAN,
EGAS,
EGBN,
EGF,
EGHT,
EGI,
EGL,
EGLE,
EGN,
EGO,
EGOV,
EGP,
EGPT,
EGRW,
EGT,
EGY,
EHI,
EHTH,
EIA,
EIDO,
EIG,
EIHI,
EIM,
EIO,
EIP,
EIPL,
EIPO,
EIRL,
EIS,
EIV,
EIX,
EJ,
EL,
ELA,
ELB,
ELD,
ELGX,
ELJ,
ELLI,
ELLO,
ELMD,
ELN,
ELN_dollar_,
ELNK,
ELON,
ELOS,
ELP,
ELR,
ELRC,
ELS,
ELS_hyphen_C,
ELSE,
ELTK,
ELX,
ELY,
EMAN,
EMB,
EMC,
EMCB,
EMCD,
EMCF,
EMCI,
EMCR,
EMD,
EMDD,
EMDI,
EMDR,
EME,
EMEY,
EMF,
EMFN,
EMFT,
EMHY,
EMI,
EMIF,
EMITF,
EMJ,
EMKR,
EML,
EMLB,
EMLC,
EMLP,
EMM,
EMMS,
EMMSP,
EMMT,
EMN,
EMO,
EMQ,
EMR,
EMSA,
EMT,
EMXX,
EMZ,
ENB,
END,
ENDP,
ENG,
ENGN,
ENH,
ENH_hyphen_A,
ENH_hyphen_B,
ENI,
ENJ,
ENL,
ENMD,
ENOC,
ENOR,
ENPH,
ENR,
ENS,
ENSG,
ENT,
ENTA,
ENTG,
ENTR,
ENV,
ENVI,
ENX,
ENY,
ENZ,
ENZL,
ENZN,
EOC,
EOD,
EOG,
EOI,
EONC,
EOPN,
EOS,
EOT,
EOX,
EP_hyphen_C,
EPAM,
EPAX,
EPAY,
EPB,
EPD,
EPHE,
EPI,
EPIQ,
EPL,
EPM,
EPM_hyphen_A,
EPOL,
EPP,
EPR,
EPR_hyphen_C,
EPR_hyphen_E,
EPR_hyphen_F,
EPS,
EPU,
EPV,
EQIX,
EQL,
EQM,
EQR,
EQS,
EQT,
EQU,
EQY,
ERA,
ERB,
ERC,
ERF,
ERH,
ERIC,
ERIE,
ERII,
ERJ,
ERO,
EROC,
ERS,
ERUS,
ERX,
ERY,
ES,
ESBF,
ESBK,
ESC,
ESCA,
ESD,
ESE,
ESEA,
ESGR,
ESI,
ESIO,
ESL,
ESLT,
ESMC,
ESP,
ESR,
ESRX,
ESS,
ESS_hyphen_H,
ESSA,
ESSX,
ESTE,
ESV,
ESXB,
ESYS,
ET,
ETAK,
ETB,
ETE,
ETF,
ETFC,
ETG,
ETH,
ETJ,
ETM,
ETN,
ETO,
ETP,
ETR,
ETRM,
ETUA,
ETUB,
ETV,
ETW,
ETX,
ETY,
EU,
EUFN,
EUFX,
EUM,
EUO,
EUSA,
EV,
EVAC,
EVAL,
EVBN,
EVBS,
EVC,
EVEP,
EVER,
EVER_hyphen_A,
EVF,
EVG,
EVI,
EVJ,
EVK,
EVM,
EVN,
EVO,
EVOL,
EVP,
EVR,
EVT,
EVTC,
EVV,
EVX,
EVY,
EW,
EWA,
EWAS,
EWBC,
EWC,
EWCS,
EWD,
EWEM,
EWG,
EWGS,
EWH,
EWHS,
EWI,
EWJ,
EWK,
EWL,
EWM,
EWN,
EWO,
EWP,
EWQ,
EWRI,
EWRM,
EWRS,
EWS,
EWSS,
EWT,
EWU,
EWUS,
EWV,
EWW,
EWX,
EWY,
EWZ,
EWZS,
EXA,
EXAC,
EXAM,
EXAR,
EXAS,
EXC,
EXD,
EXE,
EXEL,
EXFO,
EXG,
EXH,
EXI,
EXK,
EXL,
EXL_hyphen_B,
EXLP,
EXLS,
EXM,
EXP,
EXPD,
EXPE,
EXPO,
EXPR,
EXR,
EXT,
EXTR,
EXXI,
EZA,
EZCH,
EZJ,
EZM,
EZPW,
EZU,
EZY,
F,
FAB,
FABK,
FAC,
FAD,
FAF,
FALC,
FAM,
FAN,
FANG,
FARM,
FARO,
FAS,
FAST,
FAUS,
FAV,
FAX,
FAZ,
FB,
FBC,
FBG,
FBHS,
FBIZ,
FBMI,
FBMS,
FBN,
FBNC,
FBNK,
FBP,
FBR,
FBRC,
FBS_hyphen_A,
FBSS,
FBT,
FBZ,
FC,
FCA,
FCAL,
FCAN,
FCAP,
FCBC,
FCCO,
FCCY,
FCE_dot_A,
FCE_dot_B,
FCEL,
FCF,
FCFC,
FCFS,
FCG,
FCH,
FCH_hyphen_A,
FCH_hyphen_C,
FCHI,
FCLF,
FCN,
FCNCA,
FCO,
FCS,
FCT,
FCTY,
FCVA,
FCX,
FCY,
FCZA,
FDD,
FDEF,
FDI,
FDL,
FDM,
FDML,
FDN,
FDO,
FDP,
FDS,
FDT,
FDTS,
FDUS,
FDV,
FDX,
FE,
FEFN,
FEI,
FEIC,
FEIM,
FELE,
FEM,
FEMS,
FEN,
FENG,
FEO,
FEP,
FES,
FET,
FEU,
FEX,
FEZ,
FF,
FFA,
FFBC,
FFBCW,
FFBH,
FFC,
FFCH,
FFCO,
FFEX,
FFG,
FFHL,
FFI,
FFIC,
FFIN,
FFIV,
FFKT,
FFKY,
FFN,
FFNM,
FFNW,
FFR,
FGB,
FGD,
FGEM,
FGM,
FGP,
FHCO,
FHK,
FHN,
FHN_hyphen_A,
FHY,
FIBK,
FICO,
FIF,
FIG,
FII,
FILL,
FINF,
FINL,
FINU,
FINZ,
FIO,
FIRE,
FIS,
FISI,
FISV,
FITB,
FITBP,
FIVE,
FIVZ,
FIW,
FIX,
FIZZ,
FJP,
FKO,
FKU,
FL,
FLAG,
FLAT,
FLC,
FLDM,
FLEX,
FLIC,
FLIR,
FLL,
FLM,
FLML,
FLN,
FLO,
FLOT,
FLOW,
FLR,
FLRN,
FLS,
FLT,
FLTR,
FLTX,
FLWS,
FLXS,
FLY,
FM,
FMBI,
FMC,
FMCN,
FMD,
FMER,
FMER_hyphen_A,
FMFC,
FMK,
FMN,
FMNB,
FMO,
FMS,
FMS_hyphen_,
FMX,
FMY,
FN,
FNB,
FNBN,
FNF,
FNFG,
FNFG_hyphen_B,
FNGN,
FNHC,
FNI,
FNIO,
FNK,
FNLC,
FNP,
FNSR,
FNV,
FNX,
FNY,
FOE,
FOF,
FOIL,
FOL,
FOLD,
FONE,
FONR,
FOR,
FORD,
FORM,
FORR,
FORTY,
FORX,
FOSL,
FPA,
FPE,
FPO,
FPO_hyphen_A,
FPP,
FPP_plus_,
FPT,
FPX,
FR,
FR_hyphen_J_star_,
FR_hyphen_K,
FRA,
FRAK,
FRAN,
FRBK,
FRC,
FRC_hyphen_A,
FRC_hyphen_B,
FRC_hyphen_C,
FRD,
FRED,
FREE,
FRF,
FRGI,
FRI,
FRM,
FRME,
FRN,
FRNK,
FRO,
FRP,
FRS,
FRT,
FRX,
FSA,
FSBK,
FSBW,
FSC,
FSCE,
FSCFL,
FSCI,
FSD,
FSE,
FSFG,
FSG,
FSGI,
FSI,
FSL,
FSLR,
FSM,
FSP,
FSRV,
FSS,
FST,
FSTR,
FSU,
FSYS,
FSZ,
FT,
FTA,
FTC,
FTE,
FTEK,
FTF,
FTI,
FTK,
FTNT,
FTR,
FTT,
FTW,
FTY,
FU,
FUBC,
FUD,
FUE,
FUL,
FULL,
FULT,
FUN,
FUNC,
FUND,
FUR,
FUR_hyphen_D,
FURX,
FVD,
FVE,
FVI,
FVL,
FWDB,
FWDD,
FWDI,
FWLT,
FWM,
FWRD,
FWV,
FXA,
FXB,
FXC,
FXCB,
FXCH,
FXCM,
FXD,
FXE,
FXEN,
FXF,
FXG,
FXH,
FXI,
FXL,
FXN,
FXO,
FXP,
FXR,
FXS,
FXSG,
FXU,
FXY,
FXZ,
FYC,
FYT,
FYX,
G,
GA,
GAB,
GAB_hyphen_D,
GAB_hyphen_G,
GAB_hyphen_H,
GABC,
GAF,
GAGA,
GAI,
GAIA,
GAIN,
GAINP,
GAL,
GALE,
GALT,
GALTU,
GALTW,
GAM,
GAM_hyphen_B,
GAME,
GARS,
GAS,
GASL,
GASS,
GASX,
GASZ,
GAT,
GAZ,
GB,
GBAB,
GBB,
GBCI,
GBDC,
GBF,
GBL,
GBLI,
GBNK,
GBR,
GBX,
GCA,
GCAP,
GCBC,
GCC,
GCE,
GCFB,
GCH,
GCI,
GCO,
GCOM,
GCV,
GCV_hyphen_B,
GCVRZ,
GD,
GDAY,
GDF,
GDI,
GDL,
GDL_hyphen_B,
GDO,
GDOT,
GDP,
GDP_hyphen_C,
GDV,
GDV_hyphen_A,
GDV_hyphen_D,
GDX,
GDXJ,
GE,
GE_hyphen_A,
GEB,
GEF,
GEF_dot_B,
GEH,
GEL,
GEMS,
GENC,
GENE,
GENT,
GEO,
GEOS,
GEQ,
GERJ,
GERN,
GES,
GEVA,
GEVO,
GEX,
GF,
GFA,
GFED,
GFF,
GFI,
GFIG,
GFN,
GFNCL,
GFNCZ,
GFY,
GG,
GGAL,
GGB,
GGE,
GGEM,
GGG,
GGGG,
GGN,
GGN_hyphen_A,
GGOV,
GGP,
GGP_hyphen_A,
GGR,
GGS,
GGT,
GGT_hyphen_B,
GHDX,
GHI,
GHL,
GHM,
GHY,
GHYG,
GIB,
GIFI,
GIG,
GIGA,
GIGM,
GII,
GIII,
GIL,
GILD,
GILT,
GIM,
GIS,
GIVE,
GIVN,
GIY,
GJD,
GJH,
GJJ,
GJK,
GJM,
GJO,
GJP,
GJR,
GJS,
GJT,
GJV,
GK,
GKK,
GKK_hyphen_A,
GKM,
GKNT,
GLAD,
GLADP,
GLBS,
GLBZ,
GLCB,
GLCH,
GLD,
GLDC,
GLDD,
GLDI,
GLDX,
GLF,
GLL,
GLNG,
GLO,
GLOG,
GLOW,
GLP,
GLPW,
GLQ,
GLRE,
GLT,
GLTR,
GLU,
GLUU,
GLV,
GLW,
GM,
GM_hyphen_B,
GM_plus_A,
GM_plus_B,
GMA,
GMAN,
GMCR,
GME,
GMED,
GMETP,
GMF,
GMFS,
GMK,
GML,
GMLP,
GMM,
GMMB,
GMO,
GMT,
GMT_hyphen_,
GMTB,
GNAT,
GNC,
GNCMA,
GNE,
GNE_hyphen_A,
GNI,
GNK,
GNMA,
GNMK,
GNR,
GNRC,
GNT,
GNTX,
GNVC,
GNW,
GOF,
GOL,
GOLD,
GOM,
GOOD,
GOODN,
GOODO,
GOODP,
GOOG,
GORO,
GOV,
GOVT,
GPC,
GPE_hyphen_A,
GPI,
GPIC,
GPK,
GPL,
GPM,
GPN,
GPOR,
GPR,
GPRC,
GPRE,
GPS,
GPT,
GPT_hyphen_A,
GPX,
GRA,
GRC,
GREK,
GRES,
GRF,
GRFS,
GRH,
GRH_hyphen_C,
GRI,
GRID,
GRIF,
GRMN,
GRN,
GRO,
GROW,
GRP_equal_,
GRPN,
GRR,
GRT,
GRT_hyphen_G,
GRT_hyphen_H,
GRT_hyphen_I,
GRU,
GRVY,
GRWN,
GRX,
GRX_hyphen_A,
GS,
GS_hyphen_A,
GS_hyphen_B,
GS_hyphen_C,
GS_hyphen_D,
GS_hyphen_I,
GSAX,
GSB,
GSBC,
GSC,
GSE,
GSF,
GSG,
GSGO,
GSH,
GSI,
GSIG,
GSIT,
GSJ,
GSJK,
GSK,
GSL,
GSM,
GSMA,
GSOL,
GSP,
GSRA,
GSS,
GST,
GST_hyphen_A,
GSV,
GSVC,
GSX,
GSY,
GT,
GTAA,
GTAT,
GTE,
GTI,
GTIM,
GTIP,
GTIV,
GTLS,
GTN,
GTN_dot_A,
GTPPP,
GTS,
GTU,
GTWN,
GTXI,
GTY,
GUA,
GUID,
GUL,
GULF,
GUNR,
GUR,
GURE,
GURU,
GUT,
GUT_hyphen_A,
GV,
GVA,
GVI,
GVP,
GVT,
GWAY,
GWL,
GWR,
GWRE,
GWRU,
GWW,
GWX,
GXC,
GXF,
GXG,
GXP,
GXP_hyphen_A,
GXP_hyphen_D,
GXP_hyphen_E,
GY,
GYA,
GYB,
GYC,
GYLD,
GYRO,
GZT,
H,
HA,
HAE,
HAFC,
HAIN,
HAL,
HALL,
HALO,
HAO,
HAP,
HAR,
HART,
HAS,
HASI,
HAST,
HAUP,
HAV,
HAWK,
HAYN,
HBA_hyphen_D,
HBA_hyphen_F,
HBA_hyphen_G,
HBA_hyphen_H,
HBA_hyphen_Z,
HBAN,
HBANP,
HBC,
HBC_hyphen__star_,
HBC_hyphen_A,
HBCP,
HBHC,
HBI,
HBIO,
HBK,
HBM,
HBMD,
HBNC,
HBNK,
HBOS,
HCA,
HCBK,
HCC,
HCCI,
HCI,
HCIIP,
HCJ,
HCKT,
HCLP,
HCN,
HCN_hyphen_I,
HCN_hyphen_J,
HCOM,
HCP,
HCS,
HCS_hyphen_B,
HCSG,
HD,
HDB,
HDG,
HDGE,
HDNG,
HDSN,
HDV,
HDY,
HE,
HE_hyphen_U,
HEB,
HECO,
HEDJ,
HEES,
HEI,
HEI_dot_A,
HEK,
HELE,
HEOP,
HEP,
HEQ,
HERO,
HES,
HEVY,
HF,
HFBC,
HFBL,
HFC,
HFFC,
HFWA,
HGEM,
HGG,
HGH,
HGI,
HGR,
HGSH,
HGT,
HH,
HHC,
HHS,
HHY,
HI,
HIBB,
HIF,
HIFS,
HIG,
HIG_plus_,
HIH,
HIHO,
HII,
HIIQ,
HIL,
HILL,
HILO,
HIMX,
HIO,
HIS,
HITK,
HITT,
HIW,
HIX,
HJJ,
HJL,
HJN,
HJR,
HJV,
HK,
HKTV,
HL,
HL_hyphen_B,
HLF,
HLIT,
HLM_hyphen_,
HLS,
HLSS,
HLX,
HMA,
HMC,
HME,
HMG,
HMH,
HMIN,
HMN,
HMNF,
HMNY,
HMPR,
HMST,
HMSY,
HMY,
HNH,
HNI,
HNP,
HNR,
HNRG,
HNSN,
HNT,
HNW,
HNZ,
HOFT,
HOG,
HOGS,
HOLI,
HOLL,
HOLX,
HOMB,
HOME,
HON,
HOS,
HOT,
HOTR,
HOTRW,
HOTT,
HOV,
HOVNP,
HOVU,
HP,
HPAC,
HPCCP,
HPF,
HPI,
HPJ,
HPOL,
HPP,
HPP_hyphen_B,
HPQ,
HPS,
HPT,
HPT_hyphen_C,
HPT_hyphen_D,
HPTX,
HPY,
HQH,
HQL,
HR,
HRB,
HRC,
HRG,
HRL,
HRS,
HRT,
HRZN,
HSA,
HSBC_hyphen_B,
HSC,
HSH,
HSIC,
HSII,
HSKA,
HSNI,
HSOL,
HSON,
HSP,
HST,
HSTM,
HSY,
HT,
HT_hyphen_B,
HT_hyphen_C,
HTA,
HTBI,
HTBK,
HTCH,
HTCO,
HTD,
HTF,
HTGC,
HTGY,
HTGZ,
HTH,
HTHT,
HTLD,
HTLF,
HTM,
HTR,
HTS,
HTS_hyphen_A,
HTSI,
HTWO,
HTWR,
HTY,
HTZ,
HUB_dot_A,
HUB_dot_B,
HUBG,
HUM,
HUN,
HURC,
HURN,
HUSA,
HUSE,
HVB,
HVPW,
HVT,
HVT_dot_A,
HW,
HWAY,
HWBK,
HWCC,
HWG,
HWKN,
HXL,
HXM,
HY,
HYB,
HYD,
HYEM,
HYF,
HYG,
HYGS,
HYI,
HYK,
HYL,
HYLD,
HYLS,
HYMB,
HYS,
HYT,
HYV,
HYXU,
HZNP,
HZO,
I,
I_hyphen_A,
IACI,
IAE,
IAF,
IAG,
IAI,
IAK,
IART,
IAT,
IAU,
IBA,
IBB,
IBCA,
IBCB,
IBCC,
IBCD,
IBCE,
IBCP,
IBCPO,
IBIO,
IBKC,
IBKR,
IBM,
IBN,
IBND,
IBO,
IBOC,
IBTX,
ICA,
ICAD,
ICB,
ICCC,
ICE,
ICF,
ICFI,
ICGE,
ICH,
ICI,
ICLN,
ICLR,
ICN,
ICON,
ICPT,
ICUI,
IDA,
IDCC,
IDE,
IDG,
IDHB,
IDHQ,
IDI,
IDI_plus_,
IDIX,
IDLV,
IDN,
IDRA,
IDSA,
IDSY,
IDT,
IDTI,
IDU,
IDV,
IDX,
IDXJ,
IDXX,
IEC,
IEF,
IEFA,
IEI,
IELG,
IEMG,
IEO,
IEP,
IESC,
IESM,
IEV,
IEX,
IEZ,
IF,
IFAS,
IFEU,
IFF,
IFGL,
IFMI,
IFN,
IFNA,
IFON,
IFSM,
IFT,
IG,
IGA,
IGC,
IGC_plus_,
IGD,
IGE,
IGEM,
IGF,
IGI,
IGK,
IGLD,
IGM,
IGN,
IGOI,
IGOV,
IGR,
IGS,
IGT,
IGTE,
IGU,
IGV,
IGZ,
IHC,
IHD,
IHE,
IHF,
IHG,
IHI,
IHS,
IHT,
IHY,
IID,
IIF,
III,
IIIN,
IIJI,
IILG,
IIM,
IIN,
IIT,
IIVI,
IJH,
IJJ,
IJK,
IJR,
IJS,
IJT,
IKAN,
IKNX,
IL,
ILB,
ILF,
ILMN,
ILTB,
IM,
IMAX,
IMCB,
IMF,
IMGN,
IMH,
IMI,
IMKTA,
IMLP,
IMMR,
IMMU,
IMMY,
IMN,
IMO,
IMOS,
IMPV,
IMRS,
IMUC,
IN,
INAP,
INB,
INBK,
INCO,
INCY,
IND,
INDA,
INDB,
INDL,
INDY,
INF,
INFA,
INFI,
INFL,
INFN,
INFU,
INFY,
ING,
INGR,
ININ,
INKM,
INN,
INN_hyphen_A,
INN_hyphen_B,
INN_hyphen_C,
INO,
INOC,
INOD,
INP,
INPH,
INR,
INS,
INSM,
INT,
INTC,
INTG,
INTL,
INTT,
INTU,
INTX,
INUV,
INVE,
INVN,
INWK,
INXB,
INXBU,
INXBW,
INXN,
INXX,
INY,
INZ,
IO,
IOC,
IOIL,
IOO,
IOSP,
IOT,
IP,
IPAR,
IPAS,
IPB,
IPCC,
IPCI,
IPCM,
IPD,
IPDN,
IPE,
IPF,
IPFF,
IPG,
IPGP,
IPHI,
IPHS,
IPI,
IPK,
IPL_hyphen_D,
IPLT,
IPN,
IPS,
IPT,
IPU,
IPW,
IPXL,
IQDE,
IQDF,
IQDY,
IQI,
IQNT,
IR,
IRBT,
IRC,
IRC_hyphen_A,
IRDM,
IRDMZ,
IRE,
IRET,
IRET_hyphen_,
IRET_hyphen_B,
IRF,
IRG,
IRIX,
IRL,
IRM,
IROQ,
IRR,
IRS,
IRV,
IRWD,
IRY,
ISBC,
ISCA,
ISD,
ISF,
ISG,
ISH,
ISH_hyphen_A,
ISHG,
ISIG,
ISIL,
ISIS,
ISL,
ISLE,
ISM,
ISNS,
ISP,
ISR,
ISRG,
ISRL,
ISS,
ISSC,
ISSI,
IST,
ISTB,
IT,
ITA,
ITB,
ITC,
ITE,
ITF,
ITG,
ITI,
ITIC,
ITIP,
ITLT,
ITLY,
ITM,
ITMN,
ITOT,
ITR,
ITRI,
ITRN,
ITT,
ITUB,
ITW,
IVAC,
IVAN,
IVC,
IVE,
IVOG,
IVOO,
IVOP,
IVOV,
IVR,
IVR_hyphen_A,
IVV,
IVW,
IVZ,
IWB,
IWC,
IWD,
IWF,
IWL,
IWM,
IWN,
IWO,
IWP,
IWR,
IWS,
IWV,
IWW,
IWX,
IWY,
IWZ,
IX,
IXC,
IXG,
IXJ,
IXN,
IXP,
IXUS,
IXYS,
IYC,
IYE,
IYF,
IYG,
IYH,
IYJ,
IYK,
IYLD,
IYM,
IYR,
IYT,
IYW,
IYY,
IYZ,
JACK,
JACQ,
JACQU,
JACQW,
JADE,
JAG,
JAH,
JAKK,
JASO,
JAXB,
JAZZ,
JBHT,
JBI,
JBJ,
JBK,
JBL,
JBLU,
JBN,
JBO,
JBR,
JBSS,
JBT,
JCE,
JCI,
JCOM,
JCP,
JCS,
JCTCF,
JDD,
JDSU,
JE,
JEC,
JEM,
JEQ,
JFBI,
JFC,
JFR,
JFT,
JGBD,
JGBL,
JGBS,
JGBT,
JGG,
JGT,
JGV,
JHI,
JHP,
JHS,
JHX,
JIVE,
JJA,
JJC,
JJE,
JJG,
JJM,
JJN,
JJP,
JJS,
JJSF,
JJT,
JJU,
JKD,
JKE,
JKF,
JKG,
JKH,
JKHY,
JKI,
JKJ,
JKK,
JKL,
JKS,
JLA,
JLL,
JLS,
JMBA,
JMF,
JMI,
JMP,
JMPB,
JMT,
JNJ,
JNK,
JNPR,
JNS,
JNY,
JO,
JOB,
JOBS,
JOE,
JOEZ,
JOF,
JOSB,
JOUT,
JOY,
JPC,
JPG,
JPI,
JPM,
JPM_hyphen_A,
JPM_hyphen_C,
JPM_hyphen_D,
JPM_hyphen_I,
JPM_hyphen_J,
JPM_hyphen_J_star_,
JPM_hyphen_K,
JPM_hyphen_K_star_,
JPM_hyphen_O,
JPM_hyphen_O_star_,
JPM_hyphen_P,
JPM_hyphen_P_star_,
JPM_hyphen_S,
JPM_hyphen_S_star_,
JPM_hyphen_W,
JPM_hyphen_W_star_,
JPM_hyphen_X,
JPM_hyphen_X_star_,
JPM_hyphen_Y,
JPM_hyphen_Y_star_,
JPM_plus_,
JPP,
JPS,
JPX,
JPZ,
JQC,
JRCC,
JRI,
JRJC,
JRN,
JRO,
JRS,
JSC,
JSD,
JSM,
JSN,
JST,
JTA,
JTD,
JTP,
JUNR,
JVA,
JW_dot_A,
JW_dot_B,
JWN,
JXI,
JXSB,
JYN,
JZC,
JZJ,
JZK,
JZL,
JZT,
JZV,
K,
KAI,
KALU,
KAMN,
KAP,
KAR,
KB,
KBALB,
KBE,
KBH,
KBIO,
KBR,
KBWB,
KBWC,
KBWD,
KBWI,
KBWP,
KBWR,
KBWX,
KBWY,
KBX,
KCAP,
KCC,
KCE,
KCG,
KCLI,
KDN,
KED,
KEF,
KEG,
KELYA,
KELYB,
KEM,
KEP,
KEQU,
KERX,
KEX,
KEY,
KEY_hyphen_G,
KEYN,
KEYW,
KF,
KFFB,
KFH,
KFI,
KFN,
KFN_hyphen_,
KFRC,
KFS,
KFY,
KGC,
KGJI,
KHI,
KID,
KIE,
KIM,
KIM_hyphen_H,
KIM_hyphen_I,
KIM_hyphen_J,
KIM_hyphen_K,
KINS,
KIOR,
KIPO,
KIPS,
KIRK,
KKD,
KKR,
KLAC,
KLD,
KLIC,
KMB,
KME,
KMF,
KMG,
KMI,
KMI_plus_,
KMM,
KMP,
KMPR,
KMR,
KMT,
KMX,
KND,
KNDI,
KNL,
KNM,
KNOP,
KNOW,
KNX,
KO,
KOF,
KOG,
KOL,
KOLD,
KONA,
KONE,
KONG,
KOOL,
KOP,
KOPN,
KORS,
KORU,
KOS,
KOSS,
KR,
KRA,
KRC,
KRC_hyphen_G,
KRC_hyphen_H,
KRE,
KRFT,
KRG,
KRG_hyphen_A,
KRJ_star_,
KRNY,
KRO,
KROO,
KRS,
KRU,
KS,
KSA_star_,
KSM,
KSS,
KST,
KSU,
KSU_hyphen_,
KSWS,
KT,
KTCC,
KTEC,
KTF,
KTH,
KTN,
KTOS,
KTP,
KUB,
KUTV,
KVHI,
KW,
KWK,
KWN,
KWR,
KWT,
KXI,
KXM,
KYAK,
KYE,
KYN,
KYN_hyphen_D_star_,
KYN_hyphen_E,
KYN_hyphen_F,
KYO,
KYTH,
L,
LABC,
LABL,
LACO,
LAD,
LAG,
LAKE,
LAMR,
LANC,
LAND,
LAQ,
LARK,
LAS,
LATM,
LAWS,
LAYN,
LAZ,
LBAI,
LBF,
LBIX,
LBJ,
LBND,
LBTYA,
LBTYB,
LBTYK,
LBY,
LCAV,
LCC,
LCI,
LCM,
LCNB,
LCUT,
LD,
LDF,
LDK,
LDL,
LDP,
LDR,
LEA,
LEAP,
LECO,
LEDD,
LEDR,
LEDS,
LEE,
LEG,
LEI,
LEMB,
LEN,
LEN_dot_B,
LEO,
LF,
LFC,
LFL,
LFUS,
LFVN,
LG,
LGCY,
LGEM,
LGF,
LGI,
LGL,
LGLV,
LGND,
LGP,
LH,
LHCG,
LHO,
LHO_hyphen_G,
LHO_hyphen_H,
LHO_hyphen_I,
LIFE,
LII,
LIME,
LINC,
LINE,
LINTA,
LINTB,
LION,
LIOX,
LIT,
LIVE,
LIWA,
LKFN,
LKQ,
LL,
LLEN,
LLL,
LLNW,
LLTC,
LLY,
LM,
LMAT,
LMCA,
LMCB,
LMIA,
LMNR,
LMNX,
LMOS,
LMT,
LNBB,
LNC,
LNC_hyphen_,
LNC_plus_,
LNCE,
LNCO,
LND,
LNDC,
LNG,
LNKD,
LNN,
LNT,
LO,
LOAN,
LOCK,
LOCM,
LODE,
LOGI,
LOGM,
LOJN,
LON,
LONG,
LOOK,
LOPE,
LOR,
LORL,
LOV,
LOW,
LPDX,
LPHI,
LPI,
LPL,
LPLA,
LPLT,
LPNT,
LPR,
LPS,
LPSB,
LPSN,
LPTH,
LPTN,
LPX,
LQD,
LQDT,
LRAD,
LRCX,
LRE,
LRN,
LRY,
LSBI,
LSBK,
LSC,
LSCC,
LSE,
LSE_hyphen_A,
LSE_hyphen_B,
LSE_hyphen_C,
LSG,
LSI,
LSKY,
LSTK,
LSTR,
LTBR,
LTC,
LTD,
LTL,
LTM,
LTON,
LTPZ,
LTRE,
LTRX,
LTS,
LTXC,
LUB,
LUFK,
LUK,
LULU,
LUNA,
LUV,
LUX,
LVB,
LVL,
LVLT,
LVNTA,
LVNTB,
LVS,
LWAY,
LWC,
LXFR,
LXK,
LXP,
LXP_hyphen_C,
LXP_hyphen_D_star_,
LXRX,
LXU,
LYB,
LYG,
LYG_hyphen_A,
LYTS,
LYV,
LZB,
M,
MA,
MAA,
MAB,
MAC,
MACK,
MAG,
MAGS,
MAIN,
MAKO,
MAN,
MANH,
MANT,
MANU,
MAR,
MARK,
MARPS,
MAS,
MASC,
MASI,
MAT,
MATH,
MATL,
MATR,
MATW,
MATX,
MAV,
MAXY,
MAYS,
MBA,
MBB,
MBC,
MBF,
MBFI,
MBG,
MBI,
MBL,
MBLX,
MBND,
MBRG,
MBT,
MBTF,
MBVT,
MBWM,
MCA,
MCBC,
MCBI,
MCBK,
MCC,
MCD,
MCEP,
MCF,
MCGC,
MCHI,
MCHP,
MCHX,
MCI,
MCK,
MCN,
MCO,
MCOX,
MCP,
MCP_hyphen_A,
MCQ,
MCR,
MCRI,
MCRL,
MCRO,
MCRS,
MCS,
MCV,
MCY,
MCZ,
MD,
MDAS,
MDC,
MDCA,
MDCI,
MDCO,
MDD,
MDGN,
MDGN_plus_,
MDH,
MDIV,
MDLZ,
MDM,
MDP,
MDR,
MDRX,
MDSO,
MDT,
MDU,
MDVN,
MDW,
MDY,
MDYG,
MDYV,
MEA,
MEAD,
MEAS,
MED,
MEET,
MEG,
MEI,
MEIL,
MEILW,
MEILZ,
MEIP,
MELA,
MELI,
MEMP,
MEMS,
MEN,
MENT,
MEOH,
MER_hyphen_D,
MER_hyphen_E,
MER_hyphen_F,
MER_hyphen_K,
MER_hyphen_M,
MER_hyphen_P,
MERC,
MERU,
MES,
MET,
MET_hyphen_A,
MET_hyphen_B,
METR,
MFA,
MFA_hyphen_A,
MFA_hyphen_A_star_,
MFA_hyphen_B,
MFB,
MFC,
MFD,
MFG,
MFI,
MFL,
MFLA,
MFLR,
MFLX,
MFM,
MFNC,
MFO,
MFRI,
MFRM,
MFSA,
MFSF,
MFT,
MFV,
MG,
MGA,
MGAM,
MGC,
MGCD,
MGEE,
MGF,
MGH,
MGI,
MGIC,
MGJ,
MGK,
MGLN,
MGM,
MGN,
MGPI,
MGR,
MGRC,
MGT,
MGU,
MGV,
MGYR,
MH_hyphen_A,
MHC,
MHD,
MHE,
MHF,
MHGC,
MHH,
MHI,
MHK,
MHLD,
MHM,
MHN,
MHNA,
MHNB,
MHO,
MHO_hyphen_A,
MHP,
MHR,
MHR_hyphen_C,
MHR_hyphen_D,
MHR_hyphen_E,
MHW,
MHY,
MIC,
MIDD,
MIDU,
MIDZ,
MIE,
MIG,
MIL,
MILL,
MILL_hyphen_C,
MIN,
MINC,
MIND,
MINI,
MINT,
MITK,
MITL,
MITT,
MITT_hyphen_A,
MITT_hyphen_B,
MIW,
MIY,
MJC,
MJI,
MJN,
MKC,
MKC_dot_V,
MKF,
MKL,
MKN,
MKSI,
MKTAY,
MKTG,
MKTX,
MKZ,
MLA,
MLAB,
MLG,
MLHR,
MLI,
MLM,
MLN,
MLNK,
MLNX,
MLP,
MLPA,
MLPG,
MLPI,
MLPJ,
MLPL,
MLPN,
MLPS,
MLPW,
MLPY,
MLR,
MLU,
MLVF,
MM,
MMC,
MMD,
MMF,
MMLP,
MMM,
MMP,
MMR,
MMS,
MMSI,
MMT,
MMTM,
MMU,
MMUS,
MMV,
MMYT,
MN,
MNA,
MNDO,
MNE,
MNGA,
MNGL,
MNGLU,
MNGLW,
MNI,
MNKD,
MNOV,
MNP,
MNR,
MNR_hyphen_A,
MNR_hyphen_B,
MNRK,
MNRO,
MNST,
MNTA,
MNTG,
MNTX,
MO,
MOAT,
MOBI,
MOC,
MOCO,
MOD,
MODN,
MOFG,
MOG_dot_A,
MOG_dot_B,
MOH,
MOL,
MOLX,
MOLXA,
MOM,
MON,
MONY,
MOO,
MORL,
MORN,
MORT,
MOS,
MOSY,
MOTR,
MOU,
MOV,
MOVE,
MP_hyphen_D,
MPA,
MPAA,
MPAC,
MPB,
MPC,
MPE,
MPEL,
MPET,
MPG,
MPG_hyphen_A,
MPLX,
MPO,
MPR,
MPV,
MPW,
MPWR,
MPX,
MQT,
MQY,
MR,
MRC,
MRCC,
MRCY,
MRF,
MRGE,
MRGR,
MRH,
MRH_hyphen_A,
MRIN,
MRK,
MRLN,
MRO,
MRTN,
MRVL,
MS,
MS_hyphen_A,
MSA,
MSB,
MSBF,
MSC,
MSCA,
MSCC,
MSCI,
MSD,
MSEX,
MSF,
MSFG,
MSFT,
MSG,
MSI,
MSJ,
MSK,
MSL,
MSLI,
MSM,
MSN,
MSO,
MSON,
MSP,
MSPD,
MSTR,
MSTX,
MSXX,
MSZ,
MT,
MTB,
MTB_hyphen_,
MTB_hyphen_A,
MTB_hyphen_C,
MTB_plus_,
MTCN,
MTD,
MTDR,
MTEX,
MTG,
MTGE,
MTH,
MTK,
MTL,
MTL_hyphen_,
MTN,
MTOR,
MTR,
MTRN,
MTRX,
MTS,
MTSC,
MTSI,
MTSL,
MTSN,
MTT,
MTU,
MTUM,
MTW,
MTX,
MTY,
MTZ,
MU,
MUA,
MUAB,
MUAC,
MUAD,
MUAE,
MUAF,
MUAG,
MUB,
MUC,
MUE,
MUH,
MUI,
MUJ,
MUK,
MUNI,
MUR,
MUS,
MUSA,
MUX,
MVC,
MVCB,
MVF,
MVG,
MVIS,
MVISW,
MVO,
MVT,
MVV,
MW,
MWA,
MWE,
MWG,
MWIV,
MWO,
MWR,
MWV,
MWW,
MX,
MXA,
MXC,
MXE,
MXF,
MXI,
MXIM,
MXL,
MXN,
MXT,
MXWL,
MY,
MYC,
MYD,
MYE,
MYF,
MYGN,
MYI,
MYJ,
MYL,
MYM,
MYN,
MYP,
MYRG,
MYY,
MZA,
MZF,
MZZ,
N,
NAC,
NAD,
NAD_hyphen_C,
NAFC,
NAGS,
NAI,
NAII,
NAK,
NAN,
NAN_hyphen_C,
NAN_hyphen_D,
NANO,
NASB,
NAT,
NATH,
NATI,
NATL,
NATR,
NAUH,
NAV,
NAV_hyphen_D,
NAVB,
NAVG,
NAVR,
NAZ,
NAZ_hyphen_C,
NAZ_hyphen_D,
NBB,
NBBC,
NBD,
NBG,
NBG_hyphen_A,
NBH,
NBHC,
NBIX,
NBJ,
NBJ_hyphen_A,
NBL,
NBN,
NBO,
NBR,
NBS,
NBTB,
NBTF,
NBW,
NBY,
NC,
NCA,
NCB,
NCBC,
NCI,
NCIT,
NCLH,
NCMI,
NCO,
NCP,
NCQ,
NCR,
NCS,
NCT,
NCT_hyphen_B,
NCT_hyphen_C,
NCT_hyphen_D,
NCTY,
NCU,
NCU_hyphen_C,
NCV,
NCZ,
NDAQ,
NDP,
NDRO,
NDSN,
NDZ,
NE,
NEA,
NEA_hyphen_C,
NECB,
NED,
NEE,
NEE_hyphen_C,
NEE_hyphen_F,
NEE_hyphen_G,
NEE_hyphen_H,
NEE_hyphen_I,
NEE_hyphen_J,
NEE_hyphen_O,
NEM,
NEN,
NEO,
NEOG,
NEON,
NEPT,
NETC,
NETE,
NEU,
NEV,
NEWL,
NEWN,
NEWP,
NEWS,
NEWT,
NFBK,
NFEC,
NFG,
NFJ,
NFLX,
NFO,
NFP,
NFSB,
NFX,
NFZ,
NFZ_hyphen_C,
NG,
NGD,
NGE,
NGG,
NGL,
NGLS,
NGPC,
NGS,
NGT,
NGVC,
NGX,
NGX_hyphen_C,
NGZ,
NHC,
NHC_hyphen_A,
NHF,
NHI,
NHS,
NHTB,
NI,
NIB,
NICE,
NICK,
NID,
NIE,
NIF,
NIHD,
NILE,
NIM,
NINE,
NINI,
NIO,
NIQ,
NJ,
NJR,
NJV,
NKA,
NKE,
NKG,
NKG_hyphen_C,
NKG_hyphen_D,
NKG_hyphen_E,
NKR,
NKR_hyphen_C,
NKSH,
NKTR,
NKX,
NKY,
NL,
NLNK,
NLP,
NLR,
NLS,
NLSN,
NLST,
NLY,
NLY_hyphen_A,
NLY_hyphen_C,
NLY_hyphen_D,
NM,
NMA,
NMB,
NMB_hyphen_C,
NMD,
NMFC,
NMI,
NMK_hyphen_B,
NMK_hyphen_C,
NML,
NMM,
NMO,
NMR,
NMRX,
NMT,
NMT_hyphen_C,
NMT_hyphen_D,
NMY,
NMY_hyphen_C,
NMY_hyphen_D,
NMY_hyphen_E,
NMY_hyphen_F,
NMY_hyphen_G,
NMY_hyphen_H,
NMZ,
NNA,
NNA_equal_,
NNA_plus_,
NNBR,
NNC,
NNC_hyphen_C,
NNC_hyphen_D,
NNC_hyphen_E,
NNC_hyphen_F,
NNC_hyphen_G,
NNI,
NNJ,
NNN,
NNN_hyphen_D,
NNP,
NNY,
NOA,
NOAH,
NOC,
NOG,
NOK,
NOM,
NOM_hyphen_C,
NOR,
NORW,
NOV,
NOVB,
NOW,
NP,
NPBC,
NPD,
NPF,
NPI,
NPK,
NPM,
NPN,
NPO,
NPP,
NPSP,
NPT,
NPTN,
NPV,
NPV_hyphen_A,
NPV_hyphen_C,
NPV_hyphen_D,
NPV_hyphen_E,
NPX,
NPY,
NQ,
NQC,
NQI,
NQJ,
NQM,
NQP,
NQS,
NQU,
NR,
NRC,
NRCI,
NRF,
NRF_hyphen_A,
NRF_hyphen_B,
NRF_hyphen_C,
NRF_hyphen_D,
NRG,
NRGM,
NRGY,
NRIM,
NRK,
NRK_hyphen_C,
NRO,
NRP,
NRT,
NRU,
NS,
NSC,
NSEC,
NSH,
NSIT,
NSL,
NSLP,
NSM,
NSP,
NSPH,
NSPR,
NSR,
NSS,
NSSC,
NSU,
NSYS,
NTAP,
NTC,
NTC_hyphen_C,
NTC_hyphen_D,
NTC_hyphen_E,
NTC_hyphen_F,
NTC_hyphen_G,
NTCT,
NTE,
NTES,
NTG,
NTGR,
NTI,
NTIC,
NTK,
NTL,
NTLS,
NTN,
NTRI,
NTRS,
NTS,
NTSC,
NTSP,
NTT,
NTWK,
NTX,
NTX_hyphen_C,
NTZ,
NU,
NUAN,
NUC,
NUCL,
NUE,
NUGT,
NUJ,
NUJ_hyphen_C,
NUM,
NUM_hyphen_C,
NUO,
NUO_hyphen_A,
NUO_hyphen_C,
NUO_hyphen_D,
NURO,
NUS,
NUTR,
NUV,
NUVA,
NUW,
NVAX,
NVC,
NVDA,
NVDQ,
NVE,
NVEC,
NVEEU,
NVG,
NVG_hyphen_C,
NVGN,
NVJ,
NVJ_hyphen_A,
NVMI,
NVO,
NVR,
NVS,
NVSL,
NVTL,
NVX,
NVX_hyphen_A,
NVX_hyphen_C,
NVY,
NVY_hyphen_C,
NW_hyphen_C,
NWBI,
NWBO,
NWBOW,
NWE,
NWFL,
NWL,
NWLI,
NWN,
NWPX,
NWS,
NWSA,
NWY,
NX,
NXC,
NXE,
NXE_hyphen_C,
NXI,
NXI_hyphen_C,
NXI_hyphen_D,
NXJ,
NXJ_hyphen_A,
NXK,
NXK_hyphen_C,
NXM,
NXM_hyphen_C,
NXN,
NXP,
NXPI,
NXQ,
NXR,
NXST,
NXTM,
NXZ,
NY,
NYC,
NYCB,
NYCB_hyphen_U,
NYF,
NYH,
NYMT,
NYMX,
NYNY,
NYT,
NYV,
NYX,
NZF,
NZF_hyphen_C,
NZH,
NZH_hyphen_A,
NZH_hyphen_B,
NZH_hyphen_C,
O,
O_hyphen_E,
O_hyphen_F,
OABC,
OAK,
OAKS,
OAS,
OB,
OBAF,
OBAS,
OBCI,
OBT,
OC,
OC_plus_B,
OCC,
OCFC,
OCLR,
OCLS,
OCN,
OCR,
OCR_hyphen_A,
OCR_hyphen_B,
OCZ,
ODC,
ODFL,
ODP,
OEF,
OEH,
OESX,
OFC,
OFC_hyphen_H,
OFC_hyphen_J_star_,
OFC_hyphen_L,
OFED,
OFF,
OFG,
OFG_hyphen_A,
OFG_hyphen_B,
OFG_hyphen_D,
OFI,
OFIX,
OFLX,
OFS,
OGE,
OGEM,
OGEN,
OGXI,
OHI,
OI,
OIA,
OIBR,
OIBR_dot_C,
OIH,
OII,
OIIM,
OIL,
OILT,
OILZ,
OINK,
OIS,
OKE,
OKS,
OKSB,
OKSBP,
OLBK,
OLEM,
OLN,
OLO,
OLP,
OMAB,
OMC,
OMCL,
OME,
OMER,
OMEX,
OMG,
OMI,
OMN,
OMPI,
OMTH,
OMX,
ONB,
ONCY,
ONE,
ONEF,
ONEQ,
ONFC,
ONG,
ONN,
ONNN,
ONP,
ONTY,
ONVI,
ONXX,
OPAY,
OPEN,
OPHC,
OPK,
OPLK,
OPOF,
OPTR,
OPTT,
OPXA,
OPY,
ORA,
ORB,
ORBC,
ORBK,
ORBT,
ORC,
ORCL,
OREX,
ORI,
ORIG,
ORIT,
ORLY,
ORMP,
ORN,
ORRF,
OSBC,
OSBCP,
OSH,
OSHC,
OSIR,
OSIS,
OSK,
OSM,
OSN,
OSTK,
OSUR,
OTEX,
OTIV,
OTT,
OTTR,
OUTD,
OVBC,
OVLY,
OVRL,
OVTI,
OWW,
OXBT,
OXF,
OXGN,
OXLC,
OXLCP,
OXM,
OXY,
OZM,
OZRK,
P,
PAA,
PAAS,
PAC,
PACB,
PACD,
PACQ,
PACQU,
PACQW,
PACR,
PACT,
PACW,
PAF,
PAG,
PAGG,
PAI,
PAL,
PALL,
PAM,
PAMT,
PANL,
PANW,
PAR,
PATH,
PATK,
PATR,
PAY,
PAYX,
PB,
PBA,
PBCP,
PBCT,
PBD,
PBE,
PBF,
PBH,
PBHC,
PBI,
PBI_hyphen_,
PBI_hyphen_A,
PBI_hyphen_B,
PBIB,
PBIP,
PBJ,
PBM,
PBMD,
PBNY,
PBP,
PBR,
PBR_dot_A,
PBS,
PBSK,
PBT,
PBTH,
PBW,
PBY,
PBYI,
PC,
PCAR,
PCBK,
PCC,
PCCC,
PCEF,
PCF,
PCG,
PCG_hyphen_A,
PCG_hyphen_B,
PCG_hyphen_C,
PCG_hyphen_D,
PCG_hyphen_E,
PCG_hyphen_G,
PCG_hyphen_H,
PCG_hyphen_I,
PCH,
PCI,
PCK,
PCL,
PCLN,
PCM,
PCMI,
PCN,
PCO,
PCOM,
PCP,
PCQ,
PCRX,
PCS,
PCTI,
PCY,
PCYC,
PCYG,
PCYO,
PDCE,
PDCO,
PDEX,
PDFS,
PDH,
PDI,
PDII,
PDLI,
PDM,
PDN,
PDO,
PDP,
PDS,
PDT,
PE_hyphen_A_star_,
PE_hyphen_B_star_,
PE_hyphen_C_star_,
PE_hyphen_D_star_,
PEB,
PEB_hyphen_A,
PEB_hyphen_B,
PEB_hyphen_C,
PEBK,
PEBO,
PEG,
PEGA,
PEI,
PEI_hyphen_A,
PEI_hyphen_B,
PEIX,
PEJ,
PEK,
PENN,
PENX,
PEO,
PEOP,
PEP,
PER,
PERF,
PERI,
PERM,
PERY,
PES,
PESI,
PETM,
PETS,
PEX,
PEY,
PEZ,
PF,
PFBC,
PFBI,
PFBX,
PFD,
PFE,
PFF,
PFG,
PFG_hyphen_B,
PFH,
PFI,
PFIG,
PFIN,
PFK,
PFL,
PFLT,
PFM,
PFMT,
PFN,
PFO,
PFPT,
PFS,
PFSW,
PFX,
PFXF,
PG,
PGC,
PGD,
PGF,
PGH,
PGI,
PGJ,
PGM,
PGNX,
PGP,
PGR,
PGRX,
PGTI,
PGX,
PH,
PHA,
PHB,
PHD,
PHDG,
PHF,
PHG,
PHH,
PHI,
PHII,
PHIIK,
PHK,
PHM,
PHMD,
PHO,
PHR,
PHT,
PHX,
PHYS,
PICB,
PICK,
PICO,
PID,
PIE,
PII,
PIKE,
PIM,
PIN,
PIO,
PIP,
PIQ,
PIR,
PIY,
PIZ,
PJA,
PJC,
PJH,
PJI_star_,
PJL,
PJP,
PJS,
PKB,
PKBK,
PKD,
PKE,
PKG,
PKH,
PKI,
PKO,
PKOH,
PKT,
PKW,
PKX,
PKY,
PKY_hyphen_D,
PL,
PL_hyphen_B,
PL_hyphen_C,
PL_hyphen_E,
PLAB,
PLBC,
PLCC,
PLCE,
PLCM,
PLD,
PLD_hyphen_L_star_,
PLD_hyphen_M_star_,
PLD_hyphen_O_star_,
PLD_hyphen_P_star_,
PLD_hyphen_R_star_,
PLD_hyphen_S_star_,
PLG,
PLL,
PLM,
PLMT,
PLND,
PLNR,
PLOW,
PLP,
PLPC,
PLPM,
PLT,
PLTM,
PLUG,
PLUS,
PLW,
PLX,
PLXS,
PLXT,
PM,
PMBC,
PMC,
PMCS,
PMD,
PME,
PMF,
PMFG,
PML,
PMM,
PMNA,
PMO,
PMR,
PMT,
PMTC,
PMTI,
PMX,
PNBK,
PNC,
PNC_hyphen_L_star_,
PNC_hyphen_P,
PNC_hyphen_Q,
PNC_plus_,
PNF,
PNFP,
PNG,
PNI,
PNK,
PNM,
PNNT,
PNQI,
PNR,
PNRA,
PNRG,
PNTA,
PNTR,
PNW,
PNX,
PNY,
PODD,
POL,
POM,
POOL,
POPE,
POR,
POST,
POT,
POWI,
POWL,
POWR,
POZN,
PPA,
PPBI,
PPC,
PPG,
PPH,
PPHM,
PPL,
PPL_hyphen_U,
PPL_hyphen_W,
PPLT,
PPO,
PPP,
PPR,
PPS,
PPS_hyphen_A,
PPT,
PPX,
PQ,
PRA,
PRAA,
PRAN,
PRB,
PRCP,
PRE,
PRE_hyphen_D,
PRE_hyphen_E,
PRE_hyphen_F,
PRF,
PRFT,
PRFZ,
PRGN,
PRGO,
PRGS,
PRGX,
PRH,
PRI,
PRIM,
PRIS,
PRIS_dot_B,
PRK,
PRKR,
PRLB,
PRLS,
PRMW,
PRN,
PRO,
PROV,
PRPH,
PRSC,
PRSS,
PRTA,
PRTS,
PRU,
PRWT,
PRXI,
PRXL,
PRY,
PSA,
PSA_hyphen_O,
PSA_hyphen_P,
PSA_hyphen_Q,
PSA_hyphen_R,
PSA_hyphen_S,
PSA_hyphen_T,
PSA_hyphen_U,
PSA_hyphen_V,
PSA_hyphen_W,
PSA_hyphen_X,
PSAU,
PSB,
PSB_hyphen_R,
PSB_hyphen_S,
PSB_hyphen_T,
PSB_hyphen_U,
PSB_hyphen_V,
PSBH,
PSCC,
PSCD,
PSCE,
PSCF,
PSCH,
PSCI,
PSCM,
PSCT,
PSCU,
PSDV,
PSE,
PSEC,
PSEM,
PSF,
PSI,
PSJ,
PSK,
PSL,
PSLV,
PSMI,
PSMT,
PSO,
PSP,
PSQ,
PSR,
PST,
PSTB,
PSTI,
PSTR,
PSUN,
PSX,
PT,
PTD,
PTEK,
PTEN,
PTF,
PTGI,
PTH,
PTIE,
PTIX,
PTM,
PTN,
PTNR,
PTNT,
PTP,
PTR,
PTRY,
PTSI,
PTSX,
PTX,
PTY,
PUI,
PUK,
PUK_hyphen_,
PUK_hyphen_A,
PULB,
PULS,
PURE,
PUW,
PVA,
PVD,
PVFC,
PVG,
PVH,
PVI,
PVR,
PVSW,
PVTB,
PVTBP,
PVTD,
PW,
PWB,
PWC,
PWE,
PWER,
PWO,
PWOD,
PWR,
PWRD,
PWV,
PWX,
PWZ,
PX,
PXD,
PXE,
PXF,
PXH,
PXI,
PXJ,
PXLC,
PXLG,
PXLV,
PXLW,
PXMC,
PXMG,
PXMV,
PXN,
PXP,
PXQ,
PXR,
PXSC,
PXSG,
PXSV,
PYB,
PYC,
PYG,
PYK,
PYN,
PYS,
PYT,
PYV,
PYY,
PYZ,
PZA,
PZB,
PZC,
PZD,
PZE,
PZG,
PZI,
PZN,
PZT,
PZZA,
PZZI,
QABA,
QADA,
QADB,
QAI,
QBAK,
QBC,
QCCO,
QCLN,
QCOM,
QCOR,
QCRH,
QDEF,
QDEL,
QDF,
QDYN,
QEH,
QEP,
QGEM,
QGEN,
QID,
QIHU,
QKLS,
QLD,
QLGC,
QLIK,
QLTA,
QLTB,
QLTC,
QLTI,
QLTY,
QLYS,
QMM,
QMN,
QNST,
QQEW,
QQQ,
QQQC,
QQQE,
QQQX,
QQXT,
QRE,
QRM,
QSII,
QTEC,
QTM,
QTWW,
QUAD,
QUIK,
R,
RAD,
RADA,
RAI,
RAIL,
RALS,
RALY,
RAND,
RAS,
RAS_hyphen_A,
RAS_hyphen_B,
RAS_hyphen_C,
RATE,
RAVI,
RAVN,
RAX,
RBA,
RBC,
RBCAA,
RBCN,
RBL,
RBNF,
RBPAA,
RBS,
RBS_hyphen_E,
RBS_hyphen_F,
RBS_hyphen_G,
RBS_hyphen_H,
RBS_hyphen_I,
RBS_hyphen_L,
RBS_hyphen_M,
RBS_hyphen_N,
RBS_hyphen_P,
RBS_hyphen_Q,
RBS_hyphen_R,
RBS_hyphen_S,
RBS_hyphen_T,
RBY,
RCD,
RCG,
RCI,
RCII,
RCKB,
RCKY,
RCL,
RCMT,
RCON,
RCS,
RDA,
RDC,
RDCM,
RDEN,
RDHL,
RDI,
RDIB,
RDN,
RDNT,
RDS_dot_A,
RDS_dot_B,
RDWR,
RDY,
RE,
RE_hyphen_B,
RECN,
RECV,
REDF,
REE,
REED,
REFR,
REG,
REG_hyphen_F,
REG_hyphen_G,
REGI,
REGN,
REIS,
REK,
RELL,
RELV,
REM,
REMX,
REMY,
REN,
REN_plus_,
RENN,
RENT,
RES,
RESI,
RETL,
REV,
REW,
REX,
REXI,
REXX,
REZ,
RF,
RF_hyphen_A,
RFG,
RFI,
RFIL,
RFMD,
RFP,
RFV,
RGA,
RGC,
RGCO,
RGDX,
RGEN,
RGI,
RGLD,
RGLS,
RGP,
RGR,
RGRA,
RGRC,
RGRE,
RGRI,
RGRP,
RGS,
RH,
RHI,
RHP,
RHS,
RHT,
RIC,
RICK,
RIF,
RIG,
RIGL,
RIMG,
RINF,
RING,
RIO,
RIOM,
RIT,
RITT,
RIVR,
RJA,
RJD,
RJET,
RJF,
RJI,
RJN,
RJZ,
RKH,
RKT,
RKUS,
RL,
RLD,
RLGT,
RLGY,
RLH,
RLH_hyphen_A,
RLI,
RLJ,
RLJE,
RLOC,
RLOG,
RLY,
RM,
RMB,
RMBS,
RMCF,
RMD,
RMGN,
RMKR,
RMT,
RMTI,
RNDY,
RNE,
RNET,
RNF,
RNIN,
RNN,
RNO,
RNP,
RNR,
RNR_hyphen_C,
RNR_hyphen_D,
RNST,
RNWK,
ROC,
ROCK,
ROCM,
ROG,
ROIA,
ROIAK,
ROIC,
ROICU,
ROICW,
ROIQ,
ROIQU,
ROIQW,
ROK,
ROL,
ROLA,
ROLL,
ROM,
ROMA,
ROOF,
ROP,
ROSE,
ROSG,
ROST,
ROVI,
ROX,
ROYL,
ROYT,
RP,
RPAI,
RPAI_hyphen_A,
RPG,
RPI,
RPM,
RPRX,
RPRXW,
RPRXZ,
RPT,
RPT_hyphen_D,
RPTP,
RPV,
RPX,
RPXC,
RQI,
RRC,
RRD,
RRF,
RRGB,
RRGR,
RRMS,
RRST,
RRTS,
RS,
RSE,
RSG,
RSH,
RSO,
RSO_hyphen_A,
RSO_hyphen_B,
RSOL,
RSP,
RST,
RSTI,
RSX,
RSXJ,
RSYS,
RT,
RTEC,
RTH,
RTI,
RTIX,
RTK,
RTL,
RTLA,
RTM,
RTN,
RTR,
RUDR,
RUE,
RUK,
RUSHA,
RUSHB,
RUSL,
RUSS,
RUTH,
RVBD,
RVLT,
RVM,
RVP,
RVSB,
RVT,
RWC,
RWG,
RWJ,
RWK,
RWL,
RWM,
RWO,
RWR,
RWT,
RWV,
RWW,
RWX,
RWXL,
RXD,
RXI,
RXL,
RXN,
RY,
RYAAY,
RYE,
RYF,
RYH,
RYJ,
RYL,
RYN,
RYT,
RYU,
RZA,
RZG,
RZV,
S,
SA,
SAA,
SAAS,
SABA,
SAFM,
SAFT,
SAGG,
SAH,
SAI,
SAIA,
SAL,
SALM,
SAM,
SAN,
SAN_hyphen_A,
SAN_hyphen_B,
SAN_hyphen_C,
SAN_hyphen_E,
SAN_hyphen_F,
SAN_hyphen_I,
SAND,
SANM,
SANW,
SANWW,
SANWZ,
SAP,
SAPE,
SAR,
SARA,
SASR,
SATS,
SAVE,
SB,
SBAC,
SBB,
SBBX,
SBCF,
SBGI,
SBGL,
SBH,
SBI,
SBLK,
SBM,
SBND,
SBNY,
SBNYW,
SBR,
SBRA,
SBRAP,
SBS,
SBSA,
SBSI,
SBUX,
SBV,
SBW,
SBY,
SCBT,
SCC,
SCCO,
SCD,
SCE_hyphen_B,
SCE_hyphen_C,
SCE_hyphen_D,
SCE_hyphen_E,
SCE_hyphen_F,
SCE_hyphen_G,
SCG,
SCGQ,
SCHA,
SCHB,
SCHC,
SCHD,
SCHE,
SCHF,
SCHG,
SCHH,
SCHL,
SCHM,
SCHN,
SCHO,
SCHP,
SCHR,
SCHV,
SCHW,
SCHW_hyphen_B,
SCHX,
SCHZ,
SCI,
SCIF,
SCIN,
SCJ,
SCL,
SCL_hyphen_,
SCLN,
SCM,
SCMP,
SCO,
SCOK,
SCON,
SCOR,
SCPB,
SCR,
SCS,
SCSC,
SCSS,
SCT,
SCTY,
SCU,
SCVL,
SCX,
SCZ,
SD,
SDA,
SDBT,
SDD,
SDIV,
SDIX,
SDK,
SDLP,
SDO_hyphen_A,
SDO_hyphen_B,
SDO_hyphen_C,
SDO_hyphen_H,
SDOG,
SDOW,
SDP,
SDR,
SDRL,
SDS,
SDT,
SDY,
SDYL,
SE,
SEA,
SEAC,
SEAS,
SEB,
SED,
SEE,
SEED,
SEF,
SEIC,
SEM,
SEMG,
SEMG_plus_,
SENEA,
SENEB,
SEP,
SEV,
SF,
SFB,
SFBC,
SFD,
SFE,
SFG,
SFI,
SFI_hyphen_D,
SFI_hyphen_E,
SFI_hyphen_F,
SFI_hyphen_G,
SFI_hyphen_I,
SFK,
SFL,
SFLA,
SFLY,
SFN,
SFNC,
SFST,
SFUN,
SFY,
SGA,
SGAR,
SGB,
SGC,
SGEN,
SGF,
SGG,
SGI,
SGK,
SGL,
SGMA,
SGMO,
SGMS,
SGNT,
SGOC,
SGOL,
SGRP,
SGU,
SGY,
SGYP,
SGYPU,
SGYPW,
SGZA,
SH,
SHBI,
SHEN,
SHFL,
SHG,
SHI,
SHIP,
SHLD,
SHLM,
SHLO,
SHM,
SHN,
SHO,
SHO_hyphen_D,
SHOO,
SHOR,
SHOS,
SHPG,
SHS,
SHV,
SHW,
SHY,
SHZ,
SI,
SIAL,
SIBC,
SID,
SIEB,
SIF,
SIFI,
SIFY,
SIG,
SIGA,
SIGI,
SIGM,
SIJ,
SIL,
SILC,
SILJ,
SILU,
SIM,
SIMG,
SIMO,
SINA,
SINF,
SINO,
SIR,
SIRI,
SIRO,
SIVB,
SIVBO,
SIVR,
SIX,
SIZ,
SIZE,
SJB,
SJF,
SJH,
SJI,
SJL,
SJM,
SJNK,
SJR,
SJT,
SJW,
SKBI,
SKF,
SKH,
SKK,
SKM,
SKS,
SKT,
SKUL,
SKX,
SKY,
SKYW,
SKYY,
SLA,
SLAB,
SLB,
SLCA,
SLF,
SLG,
SLG_hyphen_C,
SLG_hyphen_I,
SLGN,
SLH,
SLI,
SLM,
SLMAP,
SLMBP,
SLP,
SLRA,
SLRC,
SLT,
SLTC,
SLTM,
SLV,
SLVO,
SLVP,
SLW,
SLX,
SLXP,
SLY,
SLYG,
SLYV,
SM,
SMA,
SMB,
SMBC,
SMCI,
SMDD,
SMED,
SMF,
SMFG,
SMG,
SMH,
SMI,
SMIN,
SMIT,
SMK,
SMLP,
SMLV,
SMM,
SMMF,
SMMU,
SMN,
SMP,
SMPL,
SMRT,
SMS,
SMSI,
SMT,
SMTC,
SMTX,
SMU,
SN,
SNA,
SNAK,
SNBC,
SNCR,
SNDK,
SNDS,
SNE,
SNFCA,
SNH,
SNHN,
SNHY,
SNI,
SNLN,
SNMX,
SNN,
SNP,
SNPS,
SNSS,
SNTA,
SNTS,
SNV,
SNV_hyphen_T,
SNX,
SNY,
SO,
SOCB,
SOCL,
SODA,
SOFO,
SOHO,
SOHU,
SOIL,
SOL,
SOMH,
SON,
SONA,
SONC,
SONS,
SOQ,
SOR,
SORL,
SOV_hyphen_C,
SOXL,
SOXS,
SOXX,
SOYB,
SPA,
SPAN,
SPAR,
SPB,
SPBC,
SPCHA,
SPCHB,
SPE,
SPE_hyphen_,
SPEX,
SPF,
SPFF,
SPG,
SPG_hyphen_J,
SPGH,
SPH,
SPHB,
SPHD,
SPHQ,
SPIL,
SPIR,
SPLK,
SPLP,
SPLS,
SPLV,
SPMD,
SPN,
SPNC,
SPNS,
SPP,
SPPI,
SPPP,
SPPR,
SPPRO,
SPPRP,
SPR,
SPRD,
SPRO,
SPRT,
SPSC,
SPTN,
SPU,
SPW,
SPWR,
SPXL,
SPXS,
SPXU,
SPY,
SPYG,
SPYV,
SQI,
SQM,
SQNM,
SQNS,
SQQQ,
SR,
SRC,
SRCE,
SRCL,
SRDX,
SRE,
SREV,
SRF,
SRI,
SRLN,
SRPT,
SRS,
SRT,
SRTY,
SRV,
SSAM,
SSBI,
SSD,
SSDD,
SSDL,
SSE,
SSFN,
SSG,
SSH,
SSI,
SSL,
SSN,
SSNC,
SSNI,
SSO,
SSP,
SSRI,
SSRX,
SSS,
SST,
SSTK,
SSW,
SSW_hyphen_C,
SSW_hyphen_D,
SSY,
SSYS,
ST,
STAA,
STAG,
STAG_hyphen_A,
STAG_hyphen_B,
STAN,
STB,
STBA,
STBZ,
STC,
STE,
STEC,
STEI,
STEL,
STEM,
STFC,
STI,
STI_hyphen_A,
STI_hyphen_E,
STI_plus_A,
STI_plus_B,
STIP,
STJ,
STK,
STKL,
STL,
STL_hyphen_A,
STLD,
STLY,
STM,
STML,
STMP,
STN,
STND,
STNG,
STNR,
STO,
STON,
STP,
STPP,
STPZ,
STR,
STRA,
STRI,
STRL,
STRM,
STRN,
STRS,
STRT,
STRZA,
STRZB,
STS,
STSA,
STSI,
STT,
STT_hyphen_C,
STV,
STWD,
STX,
STXS,
STZ,
STZ_dot_B,
SU,
SUB,
SUBK,
SUI,
SUI_hyphen_A,
SUMR,
SUNS,
SUP,
SUPN,
SUPX,
SURG,
SUSP,
SUSQ,
SUSS,
SUTR,
SVA,
SVBI,
SVBL,
SVLC,
SVM,
SVN,
SVNT,
SVT,
SVU,
SVVC,
SVXY,
SWC,
SWFT,
SWHC,
SWI,
SWIR,
SWJ,
SWK,
SWKS,
SWM,
SWN,
SWS,
SWSH,
SWU,
SWX,
SWY,
SWZ,
SXC,
SXCP,
SXE,
SXI,
SXL,
SXT,
SYA,
SYBT,
SYBTP,
SYK,
SYKE,
SYMC,
SYMM,
SYMX,
SYN,
SYNA,
SYNC,
SYNL,
SYNM,
SYNT,
SYPR,
SYRG,
SYSW,
SYT,
SYUT,
SYX,
SYY,
SZC,
SZK,
SZO,
SZYM,
T,
TA,
TAC,
TACT,
TAGS,
TAHO,
TAI,
TAIT,
TAL,
TAM,
TAN,
TANN,
TAO,
TAOM,
TAP,
TAP_dot_A,
TARO,
TAS,
TASR,
TAST,
TAT,
TATT,
TAX,
TAXI,
TAYC,
TAYCO,
TAYCP,
TAYD,
TBAC,
TBAR,
TBBK,
TBF,
TBI,
TBNK,
TBOW,
TBT,
TBX,
TBZ,
TC,
TC_hyphen_T,
TCAP,
TCB,
TCB_hyphen_B,
TCB_hyphen_C,
TCB_plus_,
TCBI,
TCBIL,
TCBIP,
TCBIW,
TCBK,
TCC,
TCCA,
TCCO,
TCHI,
TCI,
TCK,
TCL,
TCO,
TCO_hyphen_J,
TCO_hyphen_K,
TCP,
TCPC,
TCRD,
TCX,
TD,
TDA,
TDC,
TDD,
TDE,
TDF,
TDG,
TDH,
TDI,
TDIV,
TDJ,
TDN,
TDS,
TDTF,
TDTT,
TDV,
TDW,
TDX,
TDY,
TE,
TEAR,
TECD,
TECH,
TECL,
TECS,
TECUA,
TECUB,
TEF,
TEG,
TEI,
TEL,
TELK,
TEN,
TENZ,
TEO,
TER,
TESO,
TESS,
TEU,
TEVA,
TEX,
TF,
TFCO,
TFG,
TFI,
TFM,
TFSL,
TFX,
TG,
TGA,
TGB,
TGC,
TGD,
TGE,
TGEM,
TGH,
TGI,
TGP,
TGR,
TGS,
TGT,
TGX,
THC,
THD,
THFF,
THG,
THGA,
THHY,
THI,
THLD,
THM,
THO,
THOR,
THR,
THRD,
THRM,
THRX,
THS,
THST,
THTI,
TI,
TI_dot_A,
TIBX,
TICC,
TIF,
TIGR,
TIK,
TILE,
TILT,
TINY,
TIP,
TIPZ,
TIS,
TISA,
TISI,
TITN,
TIVO,
TJX,
TK,
TKC,
TKF,
TKMR,
TKR,
TLAB,
TLF,
TLH,
TLI,
TLK,
TLL,
TLLP,
TLM,
TLO,
TLP,
TLR,
TLT,
TLTD,
TLTE,
TLYS,
TM,
TMF,
TMH,
TMHC,
TMK,
TMK_hyphen_B,
TMNG,
TMO,
TMP,
TMS,
TMV,
TMW,
TNA,
TNAV,
TNC,
TNDQ,
TNGO,
TNH,
TNK,
TNP,
TOF,
TOFC,
TOK,
TOL,
TOO,
TOPS,
TORM,
TOT,
TOTS,
TOWN,
TOWR,
TPC,
TPGI,
TPH,
TPI,
TPL,
TPLM,
TPS,
TPX,
TPZ,
TQNT,
TQQQ,
TR,
TRAK,
TRC,
TREE,
TREX,
TRF,
TRGP,
TRGT,
TRI,
TRIB,
TRIO,
TRIP,
TRIT,
TRK,
TRLA,
TRLG,
TRMB,
TRMD,
TRMK,
TRN,
TRND,
TRNM,
TRNO,
TRNO_hyphen_A,
TRNS,
TRNX,
TROV,
TROVU,
TROVW,
TROW,
TROX,
TRP,
TRQ,
TRR,
TRS,
TRST,
TRSY,
TRT,
TRV,
TRW,
TRX,
TS,
TSBK,
TSCO,
TSEM,
TSH,
TSI,
TSL,
TSLA,
TSM,
TSN,
TSO,
TSON,
TSPT,
TSRA,
TSRI,
TSRO,
TSRX,
TSS,
TST,
TSTC,
TSU,
TSYS,
TTC,
TTEC,
TTEK,
TTF,
TTFS,
TTGT,
TTHI,
TTI,
TTM,
TTMI,
TTP,
TTPH,
TTS,
TTT,
TTTM,
TTTM_plus_W,
TTTM_plus_Z,
TTWO,
TU,
TUC,
TUES,
TUMI,
TUP,
TUR,
TUZ,
TV,
TVC,
TVE,
TVIX,
TVIZ,
TVL,
TW,
TWC,
TWER,
TWGP,
TWI,
TWIN,
TWM,
TWMC,
TWN,
TWO,
TWO_plus_,
TWQ,
TWTC,
TWTI,
TWX,
TX,
TXCC,
TXI,
TXMD,
TXN,
TXRH,
TXT,
TY,
TY_hyphen_,
TYBS,
TYC,
TYD,
TYG,
TYG_hyphen_B,
TYL,
TYN,
TYNS,
TYO,
TYPE,
TYY,
TYY_hyphen_C,
TZA,
TZD,
TZE,
TZF,
TZG,
TZI,
TZL,
TZO,
TZOO,
TZV,
TZW,
TZY,
TZYM,
UA,
UACL,
UAG,
UAL,
UAM,
UAMY,
UAN,
UBA,
UBC,
UBCP,
UBFO,
UBG,
UBM,
UBN,
UBNK,
UBNT,
UBOH,
UBP,
UBP_hyphen_C,
UBP_hyphen_D,
UBP_hyphen_F,
UBPS,
UBR,
UBS,
UBS_hyphen_D,
UBSH,
UBSI,
UBT,
UCBA,
UCBI,
UCC,
UCD,
UCFC,
UCI,
UCO,
UCTT,
UDN,
UDNT,
UDOW,
UDR,
UEC,
UEIC,
UEPS,
UFCS,
UFI,
UFPI,
UFPT,
UFS,
UG,
UGA,
UGAZ,
UGE,
UGEM,
UGI,
UGL,
UGLD,
UGP,
UHAL,
UHN,
UHS,
UHT,
UIHC,
UIL,
UINF,
UIS,
UIS_hyphen_A,
UJB,
UKF,
UKK,
UKW,
UL,
ULBI,
ULE,
ULGX,
ULTA,
ULTI,
ULTR,
UMBF,
UMC,
UMDD,
UMH,
UMH_hyphen_A,
UMPQ,
UMX,
UN,
UNAM,
UNB,
UNF,
UNFI,
UNG,
UNH,
UNIS,
UNL,
UNM,
UNP,
UNS,
UNT,
UNTD,
UNTK,
UNTY,
UNXL,
UOIL,
UPG,
UPI,
UPIP,
UPL,
UPRO,
UPS,
UPV,
UPW,
UQM,
URA,
URBN,
URE,
URG,
URI,
URR,
URRE,
URS,
URTH,
URTY,
URZ,
USA,
USAC,
USAG,
USAK,
USAP,
USAT,
USATP,
USATZ,
USB,
USB_hyphen_A,
USB_hyphen_H,
USB_hyphen_L,
USB_hyphen_M,
USB_hyphen_N,
USBI,
USCI,
USCR,
USD,
USEG,
USG,
USL,
USLM,
USLV,
USM,
USMD,
USMI,
USMO,
USMV,
USNA,
USO,
USPH,
UST,
USTR,
USU,
USV,
UTEK,
UTF,
UTG,
UTHR,
UTI,
UTIW,
UTL,
UTMD,
UTSI,
UTX,
UTX_hyphen_A,
UUP,
UUPT,
UUU,
UVE,
UVG,
UVSP,
UVT,
UVU,
UVV,
UVXY,
UWC,
UWM,
UWN,
UWTI,
UXI,
UXJ,
UYG,
UYM,
UZA,
V,
VAC,
VAL,
VALE,
VALE_dot_P,
VALU,
VALV,
VAR,
VASC,
VAW,
VB,
VBF,
VBFC,
VBK,
VBR,
VC,
VCBI,
VCF,
VCI,
VCIT,
VCLK,
VCLT,
VCO,
VCR,
VCRA,
VCSH,
VCV,
VDC,
VDE,
VDSI,
VE,
VEA,
VECO,
VEGA,
VEGI,
VEL_hyphen_E,
VELT,
VET,
VEU,
VFC,
VFH,
VFL,
VG,
VGEM,
VGI,
VGIT,
VGK,
VGLT,
VGM,
VGR,
VGSH,
VGT,
VGZ,
VHC,
VHI,
VHS,
VHT,
VIA,
VIAB,
VIAS,
VICL,
VICR,
VIDE,
VIFL,
VIG,
VII,
VIIX,
VIIZ,
VIMC,
VIOG,
VIOO,
VIOV,
VIP,
VIPS,
VIRC,
VIS,
VISN,
VITC,
VIV,
VIVO,
VIXH,
VIXM,
VIXY,
VKI,
VKQ,
VLCCF,
VLGEA,
VLO,
VLO_hash_,
VLT,
VLTC,
VLTR,
VLU,
VLUE,
VLY,
VLY_hyphen_A,
VLY_plus_,
VLYWW,
VMBS,
VMC,
VMED,
VMI,
VMM,
VMO,
VMW,
VNDA,
VNET,
VNM,
VNO,
VNO_hyphen_G,
VNO_hyphen_I,
VNO_hyphen_J,
VNO_hyphen_K,
VNO_hyphen_L,
VNOD,
VNQ,
VNQI,
VNR,
VNTV,
VO,
VOC,
VOCS,
VOD,
VOE,
VOLC,
VONE,
VONG,
VONV,
VOO,
VOOG,
VOOV,
VOT,
VOX,
VOXX,
VPFG,
VPG,
VPHM,
VPL,
VPRT,
VPU,
VPV,
VQT,
VR,
VRA,
VRD,
VRML,
VRNG,
VRNG_plus_,
VRNM,
VRNT,
VRS,
VRSK,
VRSN,
VRTA,
VRTB,
VRTS,
VRTU,
VRTX,
VRX,
VSAT,
VSBN,
VSCI,
VSCP,
VSEC,
VSH,
VSI,
VSPY,
VSR,
VSS,
VSTM,
VT,
VTA,
VTG,
VTHR,
VTI,
VTIP,
VTN,
VTNC,
VTNR,
VTR,
VTRB,
VTSS,
VTUS,
VTV,
VTWG,
VTWO,
VTWV,
VUG,
VV,
VVC,
VVI,
VVR,
VVTV,
VVUS,
VWO,
VXF,
VXUS,
VXX,
VXZ,
VYFC,
VYM,
VZ,
WAB,
WABC,
WAC,
WACLY,
WAFD,
WAFDW,
WAG,
WAGE,
WAIR,
WAL,
WASH,
WAT,
WAVX,
WAYN,
WBB,
WBC,
WBCO,
WBK,
WBKC,
WBMD,
WBS,
WBS_hyphen_E,
WBS_plus_,
WBSN,
WCC,
WCG,
WCN,
WCRX,
WD,
WDAY,
WDC,
WDFC,
WDR,
WDTI,
WEA,
WEAT,
WEBK,
WEBM,
WEC,
WEET,
WEN,
WERN,
WES,
WETF,
WEX,
WEYS,
WF,
WFBI,
WFC,
WFC_hyphen_J,
WFC_hyphen_L,
WFC_hyphen_N,
WFC_hyphen_O,
WFC_hyphen_P,
WFC_plus_,
WFD,
WFM,
WFR,
WFT,
WG,
WGA,
WGL,
WGO,
WGP,
WH,
WHF,
WHG,
WHLR,
WHR,
WHX,
WHZ,
WIA,
WIBC,
WIFI,
WILC,
WILN,
WIN,
WINA,
WIP,
WIRE,
WIT,
WITE,
WIW,
WLB,
WLBPZ,
WLDN,
WLFC,
WLK,
WLL,
WLL_hyphen_A,
WLP,
WLT,
WM,
WMAR,
WMB,
WMC,
WMCR,
WMGI,
WMGIZ,
WMK,
WMS,
WMT,
WMW,
WNA_hyphen_,
WNC,
WNR,
WNS,
WOOD,
WOOF,
WOR,
WPC,
WPCS,
WPO,
WPP,
WPPGY,
WPRT,
WPS,
WPX,
WPZ,
WR,
WRB,
WRB_hyphen_A,
WRD,
WRE,
WREI,
WRES,
WRI,
WRI_hyphen_F,
WRLD,
WRLS,
WRN,
WRT,
WSB,
WSBC,
WSBF,
WSCI,
WSFS,
WSFSL,
WSH,
WSM,
WSO,
WSO_dot_B,
WSR,
WST,
WSTC,
WSTG,
WSTL,
WTBA,
WTFC,
WTFCW,
WTI,
WTM,
WTR,
WTS,
WTSL,
WTT,
WTW,
WU,
WVFC,
WVVI,
WWAV,
WWD,
WWE,
WWW,
WWWW,
WX,
WXS,
WY,
WYN,
WYNN,
WYY,
X,
XAA,
XAR,
XBI,
XBKS,
XCJ,
XCJ_star_,
XCO,
XEC,
XEL,
XES,
XFP,
XFR,
XHB,
XHE,
XHS,
XIDE,
XIN,
XIV,
XKE,
XKO,
XL,
XLB,
XLE,
XLF,
XLG,
XLI,
XLK,
XLNX,
XLP,
XLS,
XLU,
XLV,
XLY,
XME,
XMLV,
XMPT,
XNPT,
XNY,
XOM,
XOMA,
XONE,
XOOM,
XOP,
XOVR,
XOXO,
XPH,
XPL,
XPLR,
XPO,
XPP,
XRA,
XRAY,
XRM,
XRS,
XRSC,
XRT,
XRTX,
XRX,
XSD,
XSLV,
XSW,
XTEX,
XTL,
XTN,
XTXI,
XUE,
XVG,
XVIX,
XVZ,
XWES,
XXIA,
XXV,
XYL,
Y,
YANG,
YAO,
YAVY,
YCL,
YCS,
YELP,
YGE,
YHOO,
YINN,
YMLI,
YMLP,
YNDX,
YOD,
YOKU,
YONG,
YORW,
YPF,
YRCW,
YUM,
YXI,
YY,
YZC,
Z,
ZA,
ZAGG,
ZAZA,
ZB_hyphen_A,
ZB_hyphen_B_star_,
ZB_hyphen_C,
ZB_hyphen_F,
ZB_hyphen_G,
ZBB,
ZBRA,
ZBZX,
ZEP,
ZEUS,
ZF,
ZFC,
ZGNX,
ZHNE,
ZIGO,
ZINC,
ZION,
ZIONW,
ZIONZ,
ZIOP,
ZIPR,
ZIV,
ZIXI,
ZJZZT,
ZLC,
ZLCS,
ZLTQ,
ZMH,
ZN,
ZNGA,
ZNH,
ZOLT,
ZOOM,
ZQK,
ZROZ,
ZSL,
ZTEST,
ZTR,
ZTS,
ZUMZ,
ZVZZT,
ZWZZT,
ZX,
ZXZZT,
